timestamp,kalshi_decision_prob_25cut,kalshi_combo_prob_25cut,cme_prob_25cut,kalshi_weighted_prob_25cut
2025-12-11 20:00:00,0.20120000000000002,0.0,0.243571,0.10060000000000001
2025-12-11 21:00:00,0.1999,0.0,0.243571,0.09995
2025-12-11 22:00:00,0.1998,0.0,0.243571,0.0999
2025-12-11 23:00:00,0.1999,0.21,0.243571,0.20495
2025-12-12 00:00:00,0.1999,0.21,0.243571,0.20495
2025-12-12 01:00:00,0.1973,0.21,0.243571,0.20365
2025-12-12 02:00:00,0.1917,0.21,0.243571,0.20085
2025-12-12 03:00:00,0.2,0.21,0.243571,0.20500000000000002
2025-12-12 04:00:00,0.2,0.21,0.243571,0.20500000000000002
2025-12-12 05:00:00,0.1989,0.21,0.243571,0.20445
2025-12-12 06:00:00,0.2,0.21,0.243571,0.20500000000000002
2025-12-12 07:00:00,0.2,0.21,0.243571,0.20500000000000002
2025-12-12 08:00:00,0.2,0.21,0.243571,0.20500000000000002
2025-12-12 09:00:00,0.2,0.25,0.243571,0.225
2025-12-12 10:00:00,0.2,0.25,0.243571,0.225
2025-12-12 11:00:00,0.2,0.25,0.243571,0.225
2025-12-12 12:00:00,0.21,0.25,0.243571,0.22999999999999998
2025-12-12 13:00:00,0.20809999999999998,0.25,0.243571,0.22904999999999998
2025-12-12 14:00:00,0.2254,0.25,0.243571,0.2377
2025-12-12 15:00:00,0.2329,0.25,0.243571,0.24145
2025-12-12 16:00:00,0.2248,0.25,0.243571,0.2374
2025-12-12 17:00:00,0.2141,0.25,0.243571,0.23205
2025-12-12 18:00:00,0.22,0.25,0.243571,0.235
2025-12-12 19:00:00,0.22,0.25,0.243571,0.235
2025-12-12 20:00:00,0.22,0.25,0.243571,0.235
2025-12-12 21:00:00,0.21960000000000002,0.25,0.243571,0.2348
2025-12-12 22:00:00,0.2119,0.25,0.243571,0.23095
2025-12-12 23:00:00,0.22,0.25,0.243571,0.235
2025-12-13 00:00:00,0.22,0.25,0.243571,0.235
2025-12-13 01:00:00,0.22,0.25,0.243571,0.235
2025-12-13 02:00:00,0.22,0.25,0.243571,0.235
2025-12-13 03:00:00,0.2146,0.25,0.243571,0.2323
2025-12-13 04:00:00,0.2193,0.25,0.243571,0.23465
2025-12-13 05:00:00,0.22,0.25,0.243571,0.235
2025-12-13 06:00:00,0.22,0.25,0.243571,0.235
2025-12-13 07:00:00,0.2113,0.25,0.243571,0.23065
2025-12-13 08:00:00,0.22,0.25,0.243571,0.235
2025-12-13 09:00:00,0.215,0.25,0.243571,0.23249999999999998
2025-12-13 10:00:00,0.215,0.25,0.243571,0.23249999999999998
2025-12-13 11:00:00,0.215,0.25,0.243571,0.23249999999999998
2025-12-13 12:00:00,0.22,0.25,0.243571,0.235
2025-12-13 13:00:00,0.22,0.25,0.243571,0.235
2025-12-13 14:00:00,0.21239999999999998,0.25,0.243571,0.2312
2025-12-13 15:00:00,0.22,0.25,0.243571,0.235
2025-12-13 16:00:00,0.2193,0.25,0.243571,0.23465
2025-12-13 17:00:00,0.2163,0.25,0.243571,0.23315
2025-12-13 18:00:00,0.22,0.25,0.243571,0.235
2025-12-13 19:00:00,0.2177,0.25,0.243571,0.23385
2025-12-13 20:00:00,0.2113,0.25,0.243571,0.23065
2025-12-13 21:00:00,0.21,0.25,0.243571,0.22999999999999998
2025-12-13 22:00:00,0.21,0.25,0.243571,0.22999999999999998
2025-12-13 23:00:00,0.20620000000000002,0.25,0.243571,0.22810000000000002
2025-12-14 00:00:00,0.21,0.25,0.243571,0.22999999999999998
2025-12-14 01:00:00,0.21,0.25,0.243571,0.22999999999999998
2025-12-14 02:00:00,0.2096,0.25,0.243571,0.2298
2025-12-14 03:00:00,0.2096,0.18000000000000002,0.243571,0.19480000000000003
2025-12-14 04:00:00,0.21,0.25,0.243571,0.22999999999999998
2025-12-14 05:00:00,0.21,0.25,0.243571,0.22999999999999998
2025-12-14 06:00:00,0.20809999999999998,0.25,0.243571,0.22904999999999998
2025-12-14 07:00:00,0.21,0.25,0.243571,0.22999999999999998
2025-12-14 08:00:00,0.21,0.25,0.243571,0.22999999999999998
2025-12-14 09:00:00,0.21,0.25,0.243571,0.22999999999999998
2025-12-14 10:00:00,0.209,0.25,0.243571,0.22949999999999998
2025-12-14 11:00:00,0.21,0.25,0.243571,0.22999999999999998
2025-12-14 12:00:00,0.21,0.25,0.243571,0.22999999999999998
2025-12-14 13:00:00,0.2069,0.25,0.243571,0.22845
2025-12-14 14:00:00,0.21,0.25,0.243571,0.22999999999999998
2025-12-14 15:00:00,0.2048,0.25,0.243571,0.2274
2025-12-14 16:00:00,0.20440000000000003,0.25,0.243571,0.2272
2025-12-14 17:00:00,0.21,0.25,0.243571,0.22999999999999998
2025-12-14 18:00:00,0.20989999999999998,0.25,0.243571,0.22995
2025-12-14 19:00:00,0.21,0.25,0.243571,0.22999999999999998
2025-12-14 20:00:00,0.2095,0.25,0.243571,0.22975
2025-12-14 21:00:00,0.21,0.25,0.243571,0.22999999999999998
2025-12-14 22:00:00,0.21,0.25,0.243571,0.22999999999999998
2025-12-14 23:00:00,0.20929999999999999,0.25,0.243571,0.22965
2025-12-15 00:00:00,0.20579999999999998,0.25,0.243571,0.2279
2025-12-15 01:00:00,0.20989999999999998,0.25,0.243571,0.22995
2025-12-15 02:00:00,0.21,0.25,0.243571,0.22999999999999998
2025-12-15 03:00:00,0.2082,0.25,0.243571,0.2291
2025-12-15 04:00:00,0.20920000000000002,0.25,0.243571,0.22960000000000003
2025-12-15 05:00:00,0.21,0.25,0.243571,0.22999999999999998
2025-12-15 06:00:00,0.2096,0.25,0.243571,0.2298
2025-12-15 07:00:00,0.2078,0.25,0.243571,0.2289
2025-12-15 08:00:00,0.20989999999999998,0.25,0.243571,0.22995
2025-12-15 09:00:00,0.205,0.25,0.243571,0.22749999999999998
2025-12-15 10:00:00,0.21,0.25,0.243571,0.22999999999999998
2025-12-15 11:00:00,0.21,0.25,0.243571,0.22999999999999998
2025-12-15 12:00:00,0.2066,0.25,0.243571,0.2283
2025-12-15 13:00:00,0.2121,0.25,0.243571,0.23105
2025-12-15 14:00:00,0.22,0.25,0.243571,0.235
2025-12-15 15:00:00,0.212,0.26,0.243571,0.236
2025-12-15 16:00:00,0.2234,0.26,0.243571,0.2417
2025-12-15 17:00:00,0.2192,0.26,0.243571,0.2396
2025-12-15 18:00:00,0.22,0.26,0.243571,0.24
2025-12-15 19:00:00,0.2207,0.26,0.243571,0.24035
2025-12-15 20:00:00,0.2278,0.26,0.243571,0.2439
2025-12-15 21:00:00,0.22949999999999998,0.26,0.243571,0.24475
2025-12-15 22:00:00,0.2297,0.26,0.243571,0.24485
2025-12-15 23:00:00,0.23,0.26,0.243571,0.245
2025-12-16 00:00:00,0.22760000000000002,0.26,0.243571,0.24380000000000002
2025-12-16 01:00:00,0.22699999999999998,0.26,0.243571,0.2435
2025-12-16 02:00:00,0.2267,0.26,0.243571,0.24335
2025-12-16 03:00:00,0.2194,0.26,0.243571,0.23970000000000002
2025-12-16 04:00:00,0.21989999999999998,0.26,0.243571,0.23995
2025-12-16 05:00:00,0.2191,0.26,0.243571,0.23954999999999999
2025-12-16 06:00:00,0.2133,0.26,0.243571,0.23665
2025-12-16 07:00:00,0.218,0.26,0.243571,0.239
2025-12-16 08:00:00,0.21989999999999998,0.26,0.243571,0.23995
2025-12-16 09:00:00,0.22,0.26,0.243571,0.24
2025-12-16 10:00:00,0.22,0.26,0.243571,0.24
2025-12-16 11:00:00,0.215,0.26,0.243571,0.2375
2025-12-16 12:00:00,0.22,0.26,0.243571,0.24
2025-12-16 13:00:00,0.2168,0.26,0.243571,0.2384
2025-12-16 14:00:00,0.23809999999999998,0.26,0.243571,0.24905
2025-12-16 15:00:00,0.2377,0.26,0.243571,0.24885000000000002
2025-12-16 16:00:00,0.2398,0.26,0.243571,0.2499
2025-12-16 17:00:00,0.2386,0.26,0.243571,0.24930000000000002
2025-12-16 18:00:00,0.23989999999999997,0.31,0.243571,0.27494999999999997
2025-12-16 19:00:00,0.2304,0.31,0.243571,0.2702
2025-12-16 20:00:00,0.2349,0.31,0.243571,0.27244999999999997
2025-12-16 21:00:00,0.22920000000000001,0.32,0.243571,0.2746
2025-12-16 22:00:00,0.2275,0.32,0.243571,0.27375
2025-12-16 23:00:00,0.2298,0.32,0.243571,0.27490000000000003
2025-12-17 00:00:00,0.2297,0.32,0.243571,0.27485
2025-12-17 01:00:00,0.2267,0.32,0.243571,0.27335
2025-12-17 02:00:00,0.22920000000000001,0.32,0.243571,0.2746
2025-12-17 03:00:00,0.23,0.32,0.243571,0.275
2025-12-17 04:00:00,0.23,0.32,0.243571,0.275
2025-12-17 05:00:00,0.23,0.32,0.243571,0.275
2025-12-17 06:00:00,0.23989999999999997,0.32,0.243571,0.27995
2025-12-17 07:00:00,0.2281,0.32,0.243571,0.27405
2025-12-17 08:00:00,0.22719999999999999,0.32,0.243571,0.2736
2025-12-17 09:00:00,0.2213,0.32,0.243571,0.27065
2025-12-17 10:00:00,0.23,0.32,0.243571,0.275
2025-12-17 11:00:00,0.23,0.32,0.243571,0.275
2025-12-17 12:00:00,0.22579999999999997,0.32,0.243571,0.2729
2025-12-17 13:00:00,0.2207,0.32,0.243571,0.27035
2025-12-17 14:00:00,0.22579999999999997,0.32,0.243571,0.2729
2025-12-17 15:00:00,0.2235,0.32,0.243571,0.27175
2025-12-17 16:00:00,0.2187,0.32,0.243571,0.26935
2025-12-17 17:00:00,0.2253,0.32,0.243571,0.27265
2025-12-17 18:00:00,0.23,0.27,0.243571,0.25
2025-12-17 19:00:00,0.228,0.27,0.243571,0.249
2025-12-17 20:00:00,0.2194,0.27,0.243571,0.24470000000000003
2025-12-17 21:00:00,0.21969999999999998,0.27,0.243571,0.24485
2025-12-17 22:00:00,0.22,0.27,0.243571,0.245
2025-12-17 23:00:00,0.215,0.27,0.243571,0.2425
2025-12-18 00:00:00,0.21989999999999998,0.27,0.265714,0.24495
2025-12-18 01:00:00,0.2202,0.27,0.265714,0.2451
2025-12-18 02:00:00,0.23,0.27,0.265714,0.25
2025-12-18 03:00:00,0.23,0.27,0.265714,0.25
2025-12-18 04:00:00,0.2281,0.27,0.265714,0.24905
2025-12-18 05:00:00,0.23,0.27,0.265714,0.25
2025-12-18 06:00:00,0.23,0.27,0.265714,0.25
2025-12-18 07:00:00,0.2298,0.27,0.265714,0.2499
2025-12-18 08:00:00,0.22920000000000001,0.27,0.265714,0.24960000000000002
2025-12-18 11:00:00,0.22920000000000001,0.32,0.265714,0.2746
2025-12-18 12:00:00,0.23,0.32,0.265714,0.275
2025-12-18 13:00:00,0.24,0.32,0.265714,0.28
2025-12-18 14:00:00,0.28550000000000003,0.32,0.265714,0.30275
2025-12-18 15:00:00,0.2746,0.32,0.265714,0.2973
2025-12-18 16:00:00,0.2792,0.32,0.265714,0.2996
2025-12-18 17:00:00,0.2789,0.2507,0.265714,0.2648
2025-12-18 18:00:00,0.2785,0.2507,0.265714,0.2646
2025-12-18 19:00:00,0.2637,0.2507,0.265714,0.2572
2025-12-18 20:00:00,0.2484,0.29,0.265714,0.2692
2025-12-18 21:00:00,0.2415,0.29,0.265714,0.26575
2025-12-18 22:00:00,0.24989999999999998,0.29,0.265714,0.26994999999999997
2025-12-18 23:00:00,0.2493,0.29,0.265714,0.26965
2025-12-19 00:00:00,0.2455,0.29,0.221429,0.26775
2025-12-19 01:00:00,0.247,0.2975,0.221429,0.27225
2025-12-19 02:00:00,0.24710000000000001,0.2975,0.221429,0.2723
2025-12-19 03:00:00,0.2469,0.29,0.221429,0.26844999999999997
2025-12-19 04:00:00,0.2658,0.29,0.221429,0.2779
2025-12-19 05:00:00,0.2412,0.29,0.221429,0.2656
2025-12-19 06:00:00,0.26,0.29,0.221429,0.275
2025-12-19 07:00:00,0.26039999999999996,0.29,0.221429,0.2752
2025-12-19 08:00:00,0.27,0.29,0.221429,0.28
2025-12-19 09:00:00,0.27,0.29,0.221429,0.28
2025-12-19 10:00:00,0.26,0.29,0.221429,0.275
2025-12-19 11:00:00,0.2572,0.29,0.221429,0.27359999999999995
2025-12-19 12:00:00,0.26,0.29,0.221429,0.275
2025-12-19 13:00:00,0.26,0.29,0.221429,0.275
2025-12-19 14:00:00,0.24850000000000003,0.29,0.221429,0.26925
2025-12-19 15:00:00,0.2184,0.29,0.221429,0.2542
2025-12-19 16:00:00,0.22,0.29,0.221429,0.255
2025-12-19 17:00:00,0.2127,0.29,0.221429,0.25134999999999996
2025-12-19 18:00:00,0.20980000000000001,0.29,0.221429,0.2499
2025-12-19 19:00:00,0.2086,0.29,0.221429,0.2493
2025-12-19 20:00:00,0.20920000000000002,0.29,0.221429,0.2496
2025-12-19 21:00:00,0.2094,0.29,0.221429,0.24969999999999998
2025-12-19 22:00:00,0.2096,0.29,0.221429,0.2498
2025-12-19 23:00:00,0.2138,0.29,0.221429,0.2519
2025-12-20 00:00:00,0.2189,0.28,0.221429,0.24945
2025-12-20 01:00:00,0.2107,0.27,0.221429,0.24035
2025-12-20 02:00:00,0.2191,0.27,0.221429,0.24455
2025-12-20 03:00:00,0.21719999999999998,0.27,0.221429,0.24359999999999998
2025-12-20 04:00:00,0.2169,0.2304,0.221429,0.22365000000000002
2025-12-20 05:00:00,0.21989999999999998,0.27309999999999995,0.221429,0.24649999999999997
2025-12-20 06:00:00,0.2137,0.27309999999999995,0.221429,0.24339999999999998
2025-12-20 07:00:00,0.23,0.27309999999999995,0.221429,0.25155
2025-12-20 08:00:00,0.2144,0.27309999999999995,0.221429,0.24374999999999997
2025-12-20 09:00:00,0.21,0.27309999999999995,0.221429,0.24155
2025-12-20 11:00:00,0.21,0.27309999999999995,0.221429,0.24155
2025-12-20 12:00:00,0.21,0.27309999999999995,0.221429,0.24155
2025-12-20 13:00:00,0.21,0.27999999999999997,0.221429,0.245
2025-12-20 14:00:00,0.2096,0.27999999999999997,0.221429,0.2448
2025-12-20 15:00:00,0.20850000000000002,0.27999999999999997,0.221429,0.24425
2025-12-20 16:00:00,0.2046,0.27999999999999997,0.221429,0.2423
2025-12-20 17:00:00,0.20989999999999998,0.27,0.221429,0.23995
2025-12-20 18:00:00,0.2097,0.27,0.221429,0.23985
2025-12-20 19:00:00,0.20010000000000003,0.27,0.221429,0.23505000000000004
2025-12-20 20:00:00,0.2,0.27,0.221429,0.23500000000000001
2025-12-20 21:00:00,0.1985,0.27,0.221429,0.23425
2025-12-20 22:00:00,0.1999,0.27,0.221429,0.23495
2025-12-20 23:00:00,0.1977,0.27,0.221429,0.23385
2025-12-21 00:00:00,0.19829999999999998,0.27,0.221429,0.23415
2025-12-21 01:00:00,0.1977,0.27,0.221429,0.23385
2025-12-21 02:00:00,0.19940000000000002,0.27,0.221429,0.23470000000000002
2025-12-21 03:00:00,0.2,0.27,0.221429,0.23500000000000001
2025-12-21 04:00:00,0.1979,0.27,0.221429,0.23395
2025-12-21 05:00:00,0.1997,0.27,0.221429,0.23485
2025-12-21 06:00:00,0.1996,0.27,0.221429,0.2348
2025-12-21 07:00:00,0.1977,0.27,0.221429,0.23385
2025-12-21 08:00:00,0.19649999999999998,0.27,0.221429,0.23325
2025-12-21 09:00:00,0.2,0.27,0.221429,0.23500000000000001
2025-12-21 10:00:00,0.2,0.27,0.221429,0.23500000000000001
2025-12-21 11:00:00,0.2,0.27,0.221429,0.23500000000000001
2025-12-21 12:00:00,0.1911,0.27,0.221429,0.23055
2025-12-21 13:00:00,0.19030000000000002,0.27,0.221429,0.23015000000000002
2025-12-21 14:00:00,0.1998,0.27,0.221429,0.2349
2025-12-21 15:00:00,0.1999,0.27,0.221429,0.23495
2025-12-21 16:00:00,0.1997,0.27,0.221429,0.23485
2025-12-21 17:00:00,0.1999,0.27,0.221429,0.23495
2025-12-21 18:00:00,0.2,0.27,0.221429,0.23500000000000001
2025-12-21 19:00:00,0.2,0.27,0.221429,0.23500000000000001
2025-12-21 20:00:00,0.2,0.26,0.221429,0.23
2025-12-21 21:00:00,0.2,0.26,0.221429,0.23
2025-12-21 22:00:00,0.198,0.26,0.221429,0.229
2025-12-21 23:00:00,0.1955,0.26,0.221429,0.22775
2025-12-22 00:00:00,0.1957,0.26,0.199286,0.22785
2025-12-22 01:00:00,0.2,0.26,0.199286,0.23
2025-12-22 02:00:00,0.1997,0.26,0.199286,0.22985
2025-12-22 03:00:00,0.2,0.26,0.199286,0.23
2025-12-22 04:00:00,0.1808,0.26,0.199286,0.22039999999999998
2025-12-22 05:00:00,0.18460000000000001,0.26,0.199286,0.2223
2025-12-22 06:00:00,0.1834,0.26,0.199286,0.2217
2025-12-22 07:00:00,0.19,0.26,0.199286,0.225
2025-12-22 08:00:00,0.19,0.27,0.199286,0.23
2025-12-22 09:00:00,0.18780000000000002,0.27,0.199286,0.22890000000000002
2025-12-22 10:00:00,0.19,0.27,0.199286,0.23
2025-12-22 11:00:00,0.19,0.27,0.199286,0.23
2025-12-22 12:00:00,0.19,0.27,0.199286,0.23
2025-12-22 13:00:00,0.1898,0.23,0.199286,0.2099
2025-12-22 14:00:00,0.1852,0.22,0.199286,0.2026
2025-12-22 15:00:00,0.17739999999999997,0.22,0.199286,0.1987
2025-12-22 16:00:00,0.1795,0.22,0.199286,0.19974999999999998
2025-12-22 17:00:00,0.18,0.22,0.199286,0.2
2025-12-22 18:00:00,0.1732,0.22,0.199286,0.1966
2025-12-22 19:00:00,0.1795,0.21,0.199286,0.19474999999999998
2025-12-22 20:00:00,0.18,0.21,0.199286,0.195
2025-12-22 21:00:00,0.1766,0.21,0.199286,0.1933
2025-12-22 22:00:00,0.1796,0.21,0.199286,0.1948
2025-12-22 23:00:00,0.18,0.21,0.199286,0.195
2025-12-23 00:00:00,0.1764,0.21,0.155,0.19319999999999998
2025-12-23 01:00:00,0.1691,0.21,0.155,0.18955
2025-12-23 02:00:00,0.17,0.21,0.155,0.19
2025-12-23 03:00:00,0.1681,0.21,0.155,0.18905
2025-12-23 04:00:00,0.17,0.21,0.155,0.19
2025-12-23 05:00:00,0.17,0.21,0.155,0.19
2025-12-23 06:00:00,0.17,0.21,0.155,0.19
2025-12-23 07:00:00,0.16870000000000002,0.22,0.155,0.19435000000000002
2025-12-23 08:00:00,0.17,0.22,0.155,0.195
2025-12-23 09:00:00,0.16,0.22,0.155,0.19
2025-12-23 10:00:00,0.163,0.22,0.155,0.1915
2025-12-23 11:00:00,0.17,0.22,0.155,0.195
2025-12-23 12:00:00,0.17,0.22,0.155,0.195
2025-12-23 13:00:00,0.1691,0.22,0.155,0.19455
2025-12-23 14:00:00,0.15789999999999998,0.22,0.155,0.18895
2025-12-23 15:00:00,0.1324,0.22,0.155,0.1762
2025-12-23 16:00:00,0.1216,0.22,0.155,0.1708
2025-12-23 17:00:00,0.12990000000000002,0.22,0.155,0.17495
2025-12-23 18:00:00,0.1294,0.22,0.155,0.1747
2025-12-23 19:00:00,0.1285,0.22,0.155,0.17425000000000002
2025-12-23 20:00:00,0.1295,0.22,0.155,0.17475000000000002
2025-12-23 21:00:00,0.13,0.22,0.155,0.175
2025-12-23 22:00:00,0.13,0.22,0.155,0.175
2025-12-23 23:00:00,0.13,0.22,0.155,0.175
2025-12-24 00:00:00,0.1266,0.22,0.155,0.1733
2025-12-24 01:00:00,0.13,0.22,0.155,0.175
2025-12-24 02:00:00,0.12990000000000002,0.21,0.155,0.16995
2025-12-24 03:00:00,0.13,0.21,0.155,0.16999999999999998
2025-12-24 04:00:00,0.1245,0.21,0.155,0.16725
2025-12-24 05:00:00,0.12990000000000002,0.21,0.155,0.16995
2025-12-24 06:00:00,0.13,0.21,0.155,0.16999999999999998
2025-12-24 07:00:00,0.13,0.21,0.155,0.16999999999999998
2025-12-24 08:00:00,0.13,0.21,0.155,0.16999999999999998
2025-12-24 09:00:00,0.13,0.21,0.155,0.16999999999999998
2025-12-24 10:00:00,0.13,0.21,0.155,0.16999999999999998
2025-12-24 11:00:00,0.13,0.21,0.155,0.16999999999999998
2025-12-24 12:00:00,0.13,0.21,0.155,0.16999999999999998
2025-12-24 13:00:00,0.1274,0.21,0.155,0.16870000000000002
2025-12-24 14:00:00,0.1234,0.21,0.155,0.1667
2025-12-24 15:00:00,0.1199,0.21,0.155,0.16494999999999999
2025-12-24 16:00:00,0.11960000000000001,0.21,0.155,0.1648
2025-12-24 17:00:00,0.1199,0.21,0.155,0.16494999999999999
2025-12-24 18:00:00,0.12,0.21,0.155,0.16499999999999998
2025-12-24 19:00:00,0.12,0.21,0.155,0.16499999999999998
2025-12-24 20:00:00,0.1198,0.21,0.155,0.1649
2025-12-24 21:00:00,0.12,0.21,0.155,0.16499999999999998
2025-12-24 22:00:00,0.1175,0.2196,0.155,0.16854999999999998
2025-12-24 23:00:00,0.1198,0.2196,0.155,0.1697
2025-12-25 00:00:00,0.12,0.2196,0.155,0.1698
2025-12-25 01:00:00,0.1193,0.2196,0.155,0.16945
2025-12-25 02:00:00,0.1151,0.2196,0.155,0.16735
2025-12-25 03:00:00,0.12,0.19,0.155,0.155
2025-12-25 04:00:00,0.12,0.26,0.155,0.19
2025-12-25 05:00:00,0.12,0.26,0.155,0.19
2025-12-25 06:00:00,0.12,0.26,0.155,0.19
2025-12-25 07:00:00,0.12,0.26,0.155,0.19
2025-12-25 08:00:00,0.1195,0.26,0.155,0.18975
2025-12-25 11:00:00,0.1195,0.26,0.155,0.18975
2025-12-25 12:00:00,0.12,0.26,0.155,0.19
2025-12-25 13:00:00,0.12,0.26,0.155,0.19
2025-12-25 14:00:00,0.12,0.26,0.155,0.19
2025-12-25 15:00:00,0.11779999999999999,0.26,0.155,0.1889
2025-12-25 16:00:00,0.1197,0.26,0.155,0.18985000000000002
2025-12-25 17:00:00,0.12,0.26,0.155,0.19
2025-12-25 18:00:00,0.12,0.26,0.155,0.19
2025-12-25 19:00:00,0.12,0.26,0.155,0.19
2025-12-25 20:00:00,0.1198,0.26,0.155,0.1899
2025-12-25 21:00:00,0.1134,0.19,0.155,0.1517
2025-12-25 22:00:00,0.12,0.19,0.155,0.155
2025-12-25 23:00:00,0.11410000000000001,0.19,0.155,0.15205000000000002
2025-12-26 00:00:00,0.12,0.19,0.177143,0.155
2025-12-26 01:00:00,0.1189,0.19,0.177143,0.15445
2025-12-26 02:00:00,0.12,0.19,0.177143,0.155
2025-12-26 03:00:00,0.1261,0.19,0.177143,0.15805
2025-12-26 04:00:00,0.12990000000000002,0.19,0.177143,0.15995
2025-12-26 05:00:00,0.13,0.19,0.177143,0.16
2025-12-26 06:00:00,0.1277,0.19,0.177143,0.15885
2025-12-26 07:00:00,0.13,0.19,0.177143,0.16
2025-12-26 08:00:00,0.13,0.19,0.177143,0.16
2025-12-26 09:00:00,0.13,0.19,0.177143,0.16
2025-12-26 10:00:00,0.13,0.19,0.177143,0.16
2025-12-26 11:00:00,0.13,0.19,0.177143,0.16
2025-12-26 12:00:00,0.1266,0.19,0.177143,0.1583
2025-12-26 13:00:00,0.13,0.19,0.177143,0.16
2025-12-26 14:00:00,0.1449,0.19,0.177143,0.16745
2025-12-26 15:00:00,0.15990000000000001,0.19,0.177143,0.17495
2025-12-26 16:00:00,0.16,0.19,0.177143,0.175
2025-12-26 17:00:00,0.15039999999999998,0.19,0.177143,0.1702
2025-12-26 18:00:00,0.1499,0.19,0.177143,0.16995
2025-12-26 19:00:00,0.1444,0.18,0.177143,0.1622
2025-12-26 20:00:00,0.1463,0.18,0.177143,0.16315000000000002
2025-12-26 21:00:00,0.15130000000000002,0.18,0.177143,0.16565000000000002
2025-12-26 22:00:00,0.1563,0.18,0.177143,0.16815
2025-12-26 23:00:00,0.1467,0.18,0.177143,0.16335
2025-12-27 00:00:00,0.15,0.18,0.177143,0.16499999999999998
2025-12-27 01:00:00,0.1462,0.18,0.177143,0.1631
2025-12-27 02:00:00,0.15,0.18,0.177143,0.16499999999999998
2025-12-27 03:00:00,0.14,0.18,0.177143,0.16
2025-12-27 04:00:00,0.1396,0.18,0.177143,0.1598
2025-12-27 05:00:00,0.1394,0.21,0.177143,0.1747
2025-12-27 06:00:00,0.1457,0.21,0.177143,0.17785
2025-12-27 07:00:00,0.16949999999999998,0.21,0.177143,0.18974999999999997
2025-12-27 08:00:00,0.17,0.21,0.177143,0.19
2025-12-27 09:00:00,0.1654,0.1432,0.177143,0.1543
2025-12-27 10:00:00,0.1671,0.1432,0.177143,0.15515
2025-12-27 11:00:00,0.1671,0.1432,0.177143,0.15515
2025-12-27 12:00:00,0.1795,0.1432,0.177143,0.16135
2025-12-27 13:00:00,0.16760000000000003,0.1432,0.177143,0.1554
2025-12-27 14:00:00,0.16449999999999998,0.1432,0.177143,0.15385
2025-12-27 15:00:00,0.142,0.1432,0.177143,0.1426
2025-12-27 16:00:00,0.1598,0.1432,0.177143,0.1515
2025-12-27 17:00:00,0.154,0.1432,0.177143,0.1486
2025-12-27 18:00:00,0.1572,0.1432,0.177143,0.1502
2025-12-27 19:00:00,0.15,0.1432,0.177143,0.1466
2025-12-27 20:00:00,0.15,0.1432,0.177143,0.1466
2025-12-27 21:00:00,0.1432,0.1432,0.177143,0.1432
2025-12-27 22:00:00,0.1499,0.1432,0.177143,0.14655
2025-12-27 23:00:00,0.1499,0.18,0.177143,0.16494999999999999
2025-12-28 00:00:00,0.15,0.18,0.177143,0.16499999999999998
2025-12-28 01:00:00,0.1215,0.18,0.177143,0.15075
2025-12-28 02:00:00,0.1263,0.18,0.177143,0.15315
2025-12-28 03:00:00,0.1305,0.18,0.177143,0.15525
2025-12-28 04:00:00,0.1387,0.18,0.177143,0.15935
2025-12-28 05:00:00,0.14,0.18,0.177143,0.16
2025-12-28 06:00:00,0.13849999999999998,0.18,0.177143,0.15925
2025-12-28 07:00:00,0.1366,0.18,0.177143,0.1583
2025-12-28 08:00:00,0.1234,0.18,0.177143,0.1517
2025-12-28 09:00:00,0.14,0.18,0.177143,0.16
2025-12-28 10:00:00,0.14,0.18,0.177143,0.16
2025-12-28 11:00:00,0.14,0.18,0.177143,0.16
2025-12-28 12:00:00,0.14,0.18,0.177143,0.16
2025-12-28 13:00:00,0.14,0.18,0.177143,0.16
2025-12-28 14:00:00,0.128,0.18,0.177143,0.154
2025-12-28 15:00:00,0.14,0.18,0.177143,0.16
2025-12-28 16:00:00,0.1407,0.18,0.177143,0.16035
2025-12-28 17:00:00,0.1343,0.18,0.177143,0.15715
2025-12-28 18:00:00,0.14,0.18,0.177143,0.16
2025-12-28 19:00:00,0.13,0.18,0.177143,0.155
2025-12-28 20:00:00,0.1285,0.12,0.177143,0.12425
2025-12-28 21:00:00,0.13,0.12,0.177143,0.125
2025-12-28 22:00:00,0.12890000000000001,0.12,0.177143,0.12445
2025-12-28 23:00:00,0.1251,0.11,0.177143,0.11754999999999999
2025-12-29 00:00:00,0.12,0.11,0.166071,0.11499999999999999
2025-12-29 01:00:00,0.12300000000000001,0.11,0.166071,0.1165
2025-12-29 02:00:00,0.1297,0.09999999999999999,0.166071,0.11485000000000001
2025-12-29 03:00:00,0.13,0.09999999999999999,0.166071,0.11499999999999999
2025-12-29 04:00:00,0.1295,0.09999999999999999,0.166071,0.11474999999999999
2025-12-29 05:00:00,0.1252,0.09999999999999999,0.166071,0.1126
2025-12-29 06:00:00,0.11900000000000001,0.09999999999999999,0.166071,0.1095
2025-12-29 07:00:00,0.12,0.16240000000000002,0.166071,0.1412
2025-12-29 08:00:00,0.12,0.17,0.166071,0.14500000000000002
2025-12-29 09:00:00,0.115,0.17,0.166071,0.14250000000000002
2025-12-29 10:00:00,0.12,0.2,0.166071,0.16
2025-12-29 11:00:00,0.12,0.2,0.166071,0.16
2025-12-29 12:00:00,0.12,0.2,0.166071,0.16
2025-12-29 13:00:00,0.11539999999999999,0.2,0.166071,0.1577
2025-12-29 14:00:00,0.11470000000000001,0.2,0.166071,0.15735000000000002
2025-12-29 15:00:00,0.12710000000000002,0.2,0.166071,0.16355000000000003
2025-12-29 16:00:00,0.13949999999999999,0.2,0.166071,0.16975
2025-12-29 17:00:00,0.1467,0.2,0.166071,0.17335
2025-12-29 18:00:00,0.149,0.2,0.166071,0.1745
2025-12-29 19:00:00,0.1381,0.2,0.166071,0.16905
2025-12-29 20:00:00,0.1389,0.15,0.166071,0.14445
2025-12-29 21:00:00,0.14,0.15,0.166071,0.14500000000000002
2025-12-29 22:00:00,0.14,0.15,0.166071,0.14500000000000002
2025-12-29 23:00:00,0.14,0.15,0.166071,0.14500000000000002
2025-12-30 00:00:00,0.139,0.15,0.166071,0.14450000000000002
2025-12-30 01:00:00,0.14,0.15,0.166071,0.14500000000000002
2025-12-30 02:00:00,0.14,0.1995,0.166071,0.16975
2025-12-30 03:00:00,0.1382,0.1995,0.166071,0.16885
2025-12-30 04:00:00,0.1387,0.1995,0.166071,0.1691
2025-12-30 05:00:00,0.14,0.1995,0.166071,0.16975
2025-12-30 06:00:00,0.14,0.1995,0.166071,0.16975
2025-12-30 07:00:00,0.13,0.1995,0.166071,0.16475
2025-12-30 08:00:00,0.1412,0.1995,0.166071,0.17035
2025-12-30 09:00:00,0.15,0.1995,0.166071,0.17475000000000002
2025-12-30 10:00:00,0.1492,0.1995,0.166071,0.17435
2025-12-30 11:00:00,0.13,0.1995,0.166071,0.16475
2025-12-30 12:00:00,0.1475,0.1995,0.166071,0.1735
2025-12-30 13:00:00,0.1476,0.1995,0.166071,0.17355
2025-12-30 14:00:00,0.14859999999999998,0.1995,0.166071,0.17404999999999998
2025-12-30 15:00:00,0.145,0.1995,0.166071,0.17225000000000001
2025-12-30 16:00:00,0.14859999999999998,0.1995,0.166071,0.17404999999999998
2025-12-30 17:00:00,0.1499,0.1995,0.166071,0.17470000000000002
2025-12-30 18:00:00,0.14980000000000002,0.2,0.166071,0.1749
2025-12-30 19:00:00,0.14980000000000002,0.2,0.166071,0.1749
2025-12-30 20:00:00,0.1528,0.17,0.166071,0.1614
2025-12-30 21:00:00,0.1593,0.16,0.166071,0.15965000000000001
2025-12-30 22:00:00,0.1489,0.16,0.166071,0.15445
2025-12-30 23:00:00,0.138,0.16,0.166071,0.14900000000000002
2025-12-31 00:00:00,0.1334,0.16,0.155,0.1467
2025-12-31 01:00:00,0.129,0.16,0.155,0.14450000000000002
2025-12-31 02:00:00,0.1353,0.19,0.155,0.16265000000000002
2025-12-31 03:00:00,0.1391,0.19,0.155,0.16455
2025-12-31 04:00:00,0.1399,0.19,0.155,0.16494999999999999
2025-12-31 05:00:00,0.14529999999999998,0.19,0.155,0.16765
2025-12-31 06:00:00,0.141,0.19,0.155,0.16549999999999998
2025-12-31 07:00:00,0.1515,0.19,0.155,0.17075
2025-12-31 08:00:00,0.15289999999999998,0.19,0.155,0.17145
2025-12-31 09:00:00,0.1493,0.19,0.155,0.16965
2025-12-31 10:00:00,0.1595,0.19,0.155,0.17475000000000002
2025-12-31 11:00:00,0.1519,0.19,0.155,0.17095
2025-12-31 12:00:00,0.149,0.19,0.155,0.16949999999999998
2025-12-31 13:00:00,0.15810000000000002,0.19,0.155,0.17405
2025-12-31 14:00:00,0.1414,0.19,0.155,0.16570000000000001
2025-12-31 15:00:00,0.1298,0.19,0.155,0.1599
2025-12-31 16:00:00,0.1318,0.19,0.155,0.1609
2025-12-31 17:00:00,0.1373,0.19,0.155,0.16365000000000002
2025-12-31 18:00:00,0.1297,0.19,0.155,0.15985
2025-12-31 19:00:00,0.1326,0.19,0.155,0.1613
2025-12-31 20:00:00,0.1394,0.19,0.155,0.1647
2025-12-31 21:00:00,0.1383,0.19,0.155,0.16415000000000002
2025-12-31 22:00:00,0.1261,0.19,0.155,0.15805
2025-12-31 23:00:00,0.1323,0.19,0.155,0.16115000000000002
2026-01-01 00:00:00,0.1318,0.19,0.155,0.1609
2026-01-01 01:00:00,0.1364,0.19,0.155,0.1632
2026-01-01 02:00:00,0.1284,0.13019999999999998,0.155,0.12929999999999997
2026-01-01 03:00:00,0.1401,0.16,0.155,0.15005000000000002
2026-01-01 04:00:00,0.1376,0.16,0.155,0.1488
2026-01-01 05:00:00,0.1376,0.16,0.155,0.1488
2026-01-01 06:00:00,0.12990000000000002,0.16,0.155,0.14495000000000002
2026-01-01 07:00:00,0.13,0.16,0.155,0.14500000000000002
2026-01-01 08:00:00,0.13,0.16,0.155,0.14500000000000002
2026-01-01 11:00:00,0.13,0.16,0.155,0.14500000000000002
2026-01-01 12:00:00,0.13,0.16,0.155,0.14500000000000002
2026-01-01 13:00:00,0.12890000000000001,0.16,0.155,0.14445000000000002
2026-01-01 14:00:00,0.13,0.16,0.155,0.14500000000000002
2026-01-01 15:00:00,0.1281,0.16,0.155,0.14405
2026-01-01 16:00:00,0.1183,0.16,0.155,0.13915
2026-01-01 17:00:00,0.11800000000000001,0.16,0.155,0.139
2026-01-01 18:00:00,0.1099,0.1574,0.155,0.13365
2026-01-01 19:00:00,0.12,0.16,0.155,0.14
2026-01-01 20:00:00,0.1197,0.16,0.155,0.13985
2026-01-01 21:00:00,0.1197,0.25,0.155,0.18485000000000001
2026-01-01 22:00:00,0.1198,0.24,0.155,0.1799
2026-01-01 23:00:00,0.1186,0.18,0.155,0.1493
2026-01-02 00:00:00,0.11810000000000001,0.18,0.166071,0.14905000000000002
2026-01-02 01:00:00,0.12,0.24850000000000003,0.166071,0.18425000000000002
2026-01-02 02:00:00,0.1198,0.24850000000000003,0.166071,0.18415
2026-01-02 03:00:00,0.11789999999999999,0.24850000000000003,0.166071,0.1832
2026-01-02 04:00:00,0.1195,0.32999999999999996,0.166071,0.22474999999999998
2026-01-02 05:00:00,0.1168,0.32999999999999996,0.166071,0.2234
2026-01-02 06:00:00,0.1199,0.32999999999999996,0.166071,0.22494999999999998
2026-01-02 07:00:00,0.1144,0.32999999999999996,0.166071,0.22219999999999998
2026-01-02 08:00:00,0.12,0.32999999999999996,0.166071,0.22499999999999998
2026-01-02 09:00:00,0.12,0.32999999999999996,0.166071,0.22499999999999998
2026-01-02 10:00:00,0.12,0.32999999999999996,0.166071,0.22499999999999998
2026-01-02 11:00:00,0.12,0.32999999999999996,0.166071,0.22499999999999998
2026-01-02 12:00:00,0.1177,0.32999999999999996,0.166071,0.22385
2026-01-02 13:00:00,0.1125,0.32999999999999996,0.166071,0.22124999999999997
2026-01-02 14:00:00,0.1069,0.32999999999999996,0.166071,0.21844999999999998
2026-01-02 15:00:00,0.1067,0.14,0.166071,0.12335000000000002
2026-01-02 16:00:00,0.1042,0.1501,0.166071,0.12715
2026-01-02 17:00:00,0.1027,0.1964,0.166071,0.14955
2026-01-02 18:00:00,0.11,0.1964,0.166071,0.1532
2026-01-02 19:00:00,0.1094,0.18,0.166071,0.1447
2026-01-02 20:00:00,0.1043,0.18,0.166071,0.14215
2026-01-02 21:00:00,0.1096,0.18,0.166071,0.14479999999999998
2026-01-02 22:00:00,0.10949999999999999,0.18,0.166071,0.14475
2026-01-02 23:00:00,0.1097,0.18,0.166071,0.14485
2026-01-03 00:00:00,0.1091,0.18,0.166071,0.14455
2026-01-03 01:00:00,0.1033,0.18,0.166071,0.14165
2026-01-03 02:00:00,0.1085,0.18769999999999998,0.166071,0.14809999999999998
2026-01-03 03:00:00,0.1127,0.18769999999999998,0.166071,0.1502
2026-01-03 04:00:00,0.1195,0.18769999999999998,0.166071,0.1536
2026-01-03 05:00:00,0.1198,0.18769999999999998,0.166071,0.15375
2026-01-03 06:00:00,0.1197,0.1267,0.166071,0.1232
2026-01-03 07:00:00,0.12,0.1267,0.166071,0.12335
2026-01-03 08:00:00,0.12,0.1267,0.166071,0.12335
2026-01-03 09:00:00,0.1057,0.1267,0.166071,0.1162
2026-01-03 10:00:00,0.12,0.1267,0.166071,0.12335
2026-01-03 11:00:00,0.12,0.1267,0.166071,0.12335
2026-01-03 12:00:00,0.12,0.1267,0.166071,0.12335
2026-01-03 13:00:00,0.11779999999999999,0.1267,0.166071,0.12225
2026-01-03 14:00:00,0.12,0.16,0.166071,0.14
2026-01-03 15:00:00,0.1155,0.16,0.166071,0.13775
2026-01-03 16:00:00,0.1199,0.16,0.166071,0.13995000000000002
2026-01-03 17:00:00,0.1186,0.16,0.166071,0.1393
2026-01-03 18:00:00,0.1114,0.16,0.166071,0.1357
2026-01-03 19:00:00,0.1092,0.16,0.166071,0.1346
2026-01-03 20:00:00,0.11710000000000001,0.16,0.166071,0.13855
2026-01-03 21:00:00,0.1182,0.16,0.166071,0.1391
2026-01-03 22:00:00,0.1032,0.16,0.166071,0.1316
2026-01-03 23:00:00,0.1082,0.16,0.166071,0.1341
2026-01-04 00:00:00,0.1093,0.16,0.166071,0.13465
2026-01-04 01:00:00,0.10980000000000001,0.1631,0.166071,0.13645000000000002
2026-01-04 02:00:00,0.1058,0.13999999999999999,0.166071,0.1229
2026-01-04 03:00:00,0.10880000000000001,0.13999999999999999,0.166071,0.1244
2026-01-04 04:00:00,0.1085,0.13999999999999999,0.166071,0.12425
2026-01-04 05:00:00,0.1079,0.13999999999999999,0.166071,0.12394999999999999
2026-01-04 06:00:00,0.11,0.13999999999999999,0.166071,0.125
2026-01-04 07:00:00,0.11,0.13999999999999999,0.166071,0.125
2026-01-04 08:00:00,0.10980000000000001,0.13999999999999999,0.166071,0.1249
2026-01-04 09:00:00,0.11,0.13999999999999999,0.166071,0.125
2026-01-04 10:00:00,0.11,0.13999999999999999,0.166071,0.125
2026-01-04 11:00:00,0.1097,0.13999999999999999,0.166071,0.12484999999999999
2026-01-04 12:00:00,0.11,0.13,0.166071,0.12
2026-01-04 13:00:00,0.1002,0.13,0.166071,0.11510000000000001
2026-01-04 14:00:00,0.1,0.13,0.166071,0.115
2026-01-04 15:00:00,0.1,0.13,0.166071,0.115
2026-01-04 16:00:00,0.0975,0.14909999999999998,0.166071,0.12329999999999999
2026-01-04 17:00:00,0.1,0.15,0.166071,0.125
2026-01-04 18:00:00,0.0999,0.15,0.166071,0.12495
2026-01-04 19:00:00,0.09880000000000001,0.15,0.166071,0.12440000000000001
2026-01-04 20:00:00,0.1,0.15,0.166071,0.125
2026-01-04 21:00:00,0.0998,0.15519999999999998,0.166071,0.1275
2026-01-04 22:00:00,0.0987,0.15519999999999998,0.166071,0.12694999999999998
2026-01-04 23:00:00,0.09970000000000001,0.16,0.166071,0.12985000000000002
2026-01-05 00:00:00,0.1,0.1572,0.166071,0.1286
2026-01-05 01:00:00,0.0942,0.1505,0.166071,0.12235
2026-01-05 02:00:00,0.09970000000000001,0.15,0.166071,0.12485
2026-01-05 03:00:00,0.09910000000000001,0.15,0.166071,0.12455
2026-01-05 04:00:00,0.0998,0.15,0.166071,0.1249
2026-01-05 05:00:00,0.09960000000000001,0.15,0.166071,0.1248
2026-01-05 06:00:00,0.09960000000000001,0.15,0.166071,0.1248
2026-01-05 07:00:00,0.1085,0.15,0.166071,0.12925
2026-01-05 08:00:00,0.11,0.15,0.166071,0.13
2026-01-05 09:00:00,0.11,0.15,0.166071,0.13
2026-01-05 10:00:00,0.11,0.13119999999999998,0.166071,0.12059999999999998
2026-01-05 11:00:00,0.11960000000000001,0.15,0.166071,0.1348
2026-01-05 12:00:00,0.11109999999999999,0.15,0.166071,0.13055
2026-01-05 13:00:00,0.1094,0.15,0.166071,0.12969999999999998
2026-01-05 14:00:00,0.1096,0.15,0.166071,0.1298
2026-01-05 15:00:00,0.1096,0.15,0.166071,0.1298
2026-01-05 16:00:00,0.1017,0.13,0.166071,0.11585000000000001
2026-01-05 17:00:00,0.0999,0.13,0.166071,0.11495
2026-01-05 18:00:00,0.1018,0.13,0.166071,0.1159
2026-01-05 19:00:00,0.10949999999999999,0.15739999999999998,0.166071,0.13344999999999999
2026-01-05 20:00:00,0.10289999999999999,0.16999999999999998,0.166071,0.13645
2026-01-05 21:00:00,0.1012,0.16349999999999998,0.166071,0.13235
2026-01-05 22:00:00,0.1092,0.16349999999999998,0.166071,0.13635
2026-01-05 23:00:00,0.10980000000000001,0.16349999999999998,0.166071,0.13665
2026-01-06 00:00:00,0.1076,0.16999999999999998,0.177143,0.13879999999999998
2026-01-06 01:00:00,0.1069,0.15949999999999998,0.177143,0.13319999999999999
2026-01-06 02:00:00,0.1099,0.15949999999999998,0.177143,0.1347
2026-01-06 03:00:00,0.10679999999999999,0.13999999999999999,0.177143,0.12339999999999998
2026-01-06 04:00:00,0.1094,0.16,0.177143,0.1347
2026-01-06 05:00:00,0.1058,0.13999999999999999,0.177143,0.1229
2026-01-06 06:00:00,0.11,0.13999999999999999,0.177143,0.125
2026-01-06 07:00:00,0.11,0.16,0.177143,0.135
2026-01-06 08:00:00,0.11,0.16,0.177143,0.135
2026-01-06 09:00:00,0.11,0.1671,0.177143,0.13855
2026-01-06 10:00:00,0.11,0.16,0.177143,0.135
2026-01-06 11:00:00,0.11,0.16,0.177143,0.135
2026-01-06 12:00:00,0.11,0.16,0.177143,0.135
2026-01-06 13:00:00,0.10830000000000001,0.16,0.177143,0.13415
2026-01-06 14:00:00,0.10980000000000001,0.13999999999999999,0.177143,0.1249
2026-01-06 15:00:00,0.1097,0.13999999999999999,0.177143,0.12484999999999999
2026-01-06 16:00:00,0.1025,0.13999999999999999,0.177143,0.12125
2026-01-06 17:00:00,0.1099,0.13999999999999999,0.177143,0.12494999999999999
2026-01-06 18:00:00,0.1096,0.13999999999999999,0.177143,0.1248
2026-01-06 19:00:00,0.09519999999999999,0.13999999999999999,0.177143,0.11759999999999998
2026-01-06 20:00:00,0.1099,0.13,0.177143,0.11995
2026-01-06 21:00:00,0.1039,0.13,0.177143,0.11695
2026-01-06 22:00:00,0.1058,0.16,0.177143,0.13290000000000002
2026-01-06 23:00:00,0.1099,0.16,0.177143,0.13495000000000001
2026-01-07 00:00:00,0.1069,0.16369999999999998,0.121786,0.13529999999999998
2026-01-07 01:00:00,0.1097,0.16369999999999998,0.121786,0.1367
2026-01-07 02:00:00,0.1066,0.16369999999999998,0.121786,0.13515
2026-01-07 03:00:00,0.1094,0.16369999999999998,0.121786,0.13655
2026-01-07 04:00:00,0.1065,0.16369999999999998,0.121786,0.1351
2026-01-07 05:00:00,0.10869999999999999,0.16369999999999998,0.121786,0.1362
2026-01-07 06:00:00,0.1099,0.16369999999999998,0.121786,0.13679999999999998
2026-01-07 07:00:00,0.11,0.13999999999999999,0.121786,0.125
2026-01-07 08:00:00,0.1001,0.13,0.121786,0.11505
2026-01-07 09:00:00,0.1096,0.13,0.121786,0.1198
2026-01-07 10:00:00,0.10980000000000001,0.1527,0.121786,0.13125
2026-01-07 11:00:00,0.1125,0.11460000000000001,0.121786,0.11355000000000001
2026-01-07 12:00:00,0.12,0.11460000000000001,0.121786,0.1173
2026-01-07 13:00:00,0.12,0.11460000000000001,0.121786,0.1173
2026-01-07 14:00:00,0.1054,0.11460000000000001,0.121786,0.11
2026-01-07 15:00:00,0.1097,0.1232,0.121786,0.11645
2026-01-07 16:00:00,0.0956,0.1232,0.121786,0.1094
2026-01-07 17:00:00,0.08900000000000001,0.1231,0.121786,0.10605
2026-01-07 18:00:00,0.0818,0.1231,0.121786,0.10245
2026-01-07 19:00:00,0.0892,0.1231,0.121786,0.10615
2026-01-07 20:00:00,0.0832,0.1492,0.121786,0.1162
2026-01-07 21:00:00,0.08929999999999999,0.1492,0.121786,0.11925
2026-01-07 22:00:00,0.0891,0.14,0.121786,0.11455000000000001
2026-01-07 23:00:00,0.0898,0.14289999999999997,0.121786,0.11634999999999998
2026-01-08 00:00:00,0.0897,0.15,0.110714,0.11985
2026-01-08 01:00:00,0.0897,0.15,0.110714,0.11985
2026-01-08 02:00:00,0.08990000000000001,0.1532,0.110714,0.12155
2026-01-08 03:00:00,0.08990000000000001,0.1532,0.110714,0.12155
2026-01-08 04:00:00,0.0874,0.1532,0.110714,0.1203
2026-01-08 05:00:00,0.0866,0.16,0.110714,0.12329999999999999
2026-01-08 06:00:00,0.08990000000000001,0.16,0.110714,0.12495
2026-01-08 07:00:00,0.08810000000000001,0.16,0.110714,0.12405000000000001
2026-01-08 08:00:00,0.0898,0.16,0.110714,0.12490000000000001
2026-01-08 11:00:00,0.0828,0.16,0.110714,0.12140000000000001
2026-01-08 12:00:00,0.08039999999999999,0.16,0.110714,0.1202
2026-01-08 13:00:00,0.0877,0.14,0.110714,0.11385
2026-01-08 14:00:00,0.08439999999999999,0.14,0.110714,0.1122
2026-01-08 15:00:00,0.07980000000000001,0.1199,0.110714,0.09985000000000001
2026-01-08 16:00:00,0.0799,0.12,0.110714,0.09995
2026-01-08 17:00:00,0.07980000000000001,0.12,0.110714,0.0999
2026-01-08 18:00:00,0.0736,0.12,0.110714,0.0968
2026-01-08 19:00:00,0.0794,0.12,0.110714,0.0997
2026-01-08 20:00:00,0.0699,0.11,0.110714,0.08995
2026-01-08 21:00:00,0.07,0.11,0.110714,0.09
2026-01-08 22:00:00,0.0676,0.11,0.110714,0.08879999999999999
2026-01-08 23:00:00,0.0699,0.11,0.110714,0.08995
2026-01-09 00:00:00,0.0716,0.11,0.044286,0.09079999999999999
2026-01-09 01:00:00,0.0799,0.11,0.044286,0.09495
2026-01-09 02:00:00,0.0788,0.11,0.044286,0.0944
2026-01-09 03:00:00,0.0787,0.11,0.044286,0.09435
2026-01-09 04:00:00,0.0797,0.11,0.044286,0.09484999999999999
2026-01-09 05:00:00,0.0791,0.11,0.044286,0.09455
2026-01-09 06:00:00,0.0794,0.11,0.044286,0.0947
2026-01-09 07:00:00,0.0789,0.11,0.044286,0.09445
2026-01-09 08:00:00,0.0799,0.11,0.044286,0.09495
2026-01-09 09:00:00,0.08,0.11,0.044286,0.095
2026-01-09 10:00:00,0.08,0.11,0.044286,0.095
2026-01-09 11:00:00,0.08,0.11,0.044286,0.095
2026-01-09 12:00:00,0.08,0.11,0.044286,0.095
2026-01-09 13:00:00,0.0799,0.11,0.044286,0.09495
2026-01-09 14:00:00,0.042199999999999994,0.09040000000000001,0.044286,0.0663
2026-01-09 15:00:00,0.0297,0.0756,0.044286,0.05265
2026-01-09 16:00:00,0.0361,0.0756,0.044286,0.05585
2026-01-09 17:00:00,0.0369,0.0756,0.044286,0.05625
2026-01-09 18:00:00,0.0377,0.0756,0.044286,0.05665
2026-01-09 19:00:00,0.0392,0.08,0.044286,0.0596
2026-01-09 20:00:00,0.0385,0.08,0.044286,0.05925
2026-01-09 21:00:00,0.0336,0.09,0.044286,0.061799999999999994
2026-01-09 22:00:00,0.0373,0.07,0.044286,0.05365
2026-01-09 23:00:00,0.0397,0.07,0.044286,0.05485
2026-01-10 00:00:00,0.0394,0.07,0.044286,0.0547
2026-01-10 01:00:00,0.0375,0.0632,0.044286,0.050350000000000006
2026-01-10 02:00:00,0.039900000000000005,0.07,0.044286,0.054950000000000006
2026-01-10 03:00:00,0.0393,0.07,0.044286,0.054650000000000004
2026-01-10 04:00:00,0.0391,0.07,0.044286,0.05455
2026-01-10 05:00:00,0.0344,0.07,0.044286,0.0522
2026-01-10 06:00:00,0.04,0.07,0.044286,0.05500000000000001
2026-01-10 07:00:00,0.038900000000000004,0.07,0.044286,0.054450000000000005
2026-01-10 08:00:00,0.0383,0.07,0.044286,0.054150000000000004
2026-01-10 09:00:00,0.039900000000000005,0.05,0.044286,0.044950000000000004
2026-01-10 10:00:00,0.039900000000000005,0.05,0.044286,0.044950000000000004
2026-01-10 11:00:00,0.04,0.05,0.044286,0.045
2026-01-10 12:00:00,0.04,0.05,0.044286,0.045
2026-01-10 13:00:00,0.039900000000000005,0.05,0.044286,0.044950000000000004
2026-01-10 14:00:00,0.0397,0.05,0.044286,0.04485
2026-01-10 15:00:00,0.039900000000000005,0.0643,0.044286,0.0521
2026-01-10 16:00:00,0.04,0.07400000000000001,0.044286,0.05700000000000001
2026-01-10 17:00:00,0.0398,0.07400000000000001,0.044286,0.056900000000000006
2026-01-10 18:00:00,0.04,0.07400000000000001,0.044286,0.05700000000000001
2026-01-10 19:00:00,0.0394,0.06,0.044286,0.049699999999999994
2026-01-10 20:00:00,0.0384,0.11869999999999999,0.044286,0.07855
2026-01-10 21:00:00,0.0397,0.11869999999999999,0.044286,0.07919999999999999
2026-01-10 22:00:00,0.039900000000000005,0.0733,0.044286,0.056600000000000004
2026-01-10 23:00:00,0.039900000000000005,0.0733,0.044286,0.056600000000000004
2026-01-11 00:00:00,0.0405,0.11289999999999999,0.044286,0.07669999999999999
2026-01-11 01:00:00,0.0496,0.10519999999999999,0.044286,0.0774
2026-01-11 02:00:00,0.0492,0.09,0.044286,0.0696
2026-01-11 03:00:00,0.0495,0.09,0.044286,0.06975
2026-01-11 04:00:00,0.049100000000000005,0.0983,0.044286,0.0737
2026-01-11 05:00:00,0.049,0.1,0.044286,0.07450000000000001
2026-01-11 06:00:00,0.0483,0.1,0.044286,0.07415000000000001
2026-01-11 07:00:00,0.05,0.09,0.044286,0.07
2026-01-11 08:00:00,0.05,0.09,0.044286,0.07
2026-01-11 09:00:00,0.05,0.09,0.044286,0.07
2026-01-11 10:00:00,0.05,0.09,0.044286,0.07
2026-01-11 11:00:00,0.05,0.0853,0.044286,0.06765
2026-01-11 12:00:00,0.0499,0.1093,0.044286,0.0796
2026-01-11 13:00:00,0.0499,0.08,0.044286,0.06495000000000001
2026-01-11 14:00:00,0.05,0.08,0.044286,0.065
2026-01-11 15:00:00,0.05,0.08,0.044286,0.065
2026-01-11 16:00:00,0.049699999999999994,0.08,0.044286,0.06484999999999999
2026-01-11 17:00:00,0.048799999999999996,0.08,0.044286,0.0644
2026-01-11 18:00:00,0.049800000000000004,0.09,0.044286,0.0699
2026-01-11 19:00:00,0.0481,0.09,0.044286,0.06905
2026-01-11 20:00:00,0.0499,0.09,0.044286,0.06995
2026-01-11 21:00:00,0.049100000000000005,0.09,0.044286,0.06955
2026-01-11 22:00:00,0.0492,0.09059999999999999,0.044286,0.06989999999999999
2026-01-11 23:00:00,0.0487,0.0955,0.044286,0.0721
2026-01-12 00:00:00,0.049800000000000004,0.08,0.044286,0.0649
2026-01-12 01:00:00,0.0495,0.1,0.044286,0.07475000000000001
2026-01-12 02:00:00,0.049800000000000004,0.1361,0.044286,0.09295
2026-01-12 03:00:00,0.0499,0.14,0.044286,0.09495
2026-01-12 04:00:00,0.0513,0.14,0.044286,0.09565000000000001
2026-01-12 05:00:00,0.059500000000000004,0.13380000000000003,0.044286,0.09665000000000001
2026-01-12 06:00:00,0.0587,0.12000000000000001,0.044286,0.08935000000000001
2026-01-12 07:00:00,0.0584,0.1054,0.044286,0.0819
2026-01-12 08:00:00,0.059699999999999996,0.1154,0.044286,0.08755
2026-01-12 09:00:00,0.058600000000000006,0.12000000000000001,0.044286,0.0893
2026-01-12 10:00:00,0.06,0.12000000000000001,0.044286,0.09
2026-01-12 11:00:00,0.06,0.11,0.044286,0.08499999999999999
2026-01-12 12:00:00,0.0592,0.12000000000000001,0.044286,0.08960000000000001
2026-01-12 13:00:00,0.0592,0.1341,0.044286,0.09665
2026-01-12 14:00:00,0.06480000000000001,0.1341,0.044286,0.09945000000000001
2026-01-12 15:00:00,0.068,0.15000000000000002,0.044286,0.10900000000000001
2026-01-12 16:00:00,0.0693,0.15000000000000002,0.044286,0.10965000000000001
2026-01-12 17:00:00,0.0611,0.1247,0.044286,0.09290000000000001
2026-01-12 18:00:00,0.0695,0.1247,0.044286,0.0971
2026-01-12 19:00:00,0.0668,0.12000000000000001,0.044286,0.09340000000000001
2026-01-12 20:00:00,0.0696,0.1136,0.044286,0.0916
2026-01-12 21:00:00,0.0697,0.1053,0.044286,0.0875
2026-01-12 22:00:00,0.0676,0.1017,0.044286,0.08465
2026-01-12 23:00:00,0.0641,0.11170000000000001,0.044286,0.0879
2026-01-13 00:00:00,0.0698,0.11170000000000001,0.022143,0.09075
2026-01-13 01:00:00,0.0691,0.1115,0.022143,0.09029999999999999
2026-01-13 02:00:00,0.0666,0.1115,0.022143,0.08905
2026-01-13 03:00:00,0.0603,0.11170000000000001,0.022143,0.08600000000000001
2026-01-13 04:00:00,0.0596,0.11170000000000001,0.022143,0.08565
2026-01-13 05:00:00,0.0599,0.11170000000000001,0.022143,0.0858
2026-01-13 06:00:00,0.059800000000000006,0.11170000000000001,0.022143,0.08575
2026-01-13 07:00:00,0.0599,0.11170000000000001,0.022143,0.0858
2026-01-13 08:00:00,0.0603,0.11170000000000001,0.022143,0.08600000000000001
2026-01-13 09:00:00,0.06559999999999999,0.11170000000000001,0.022143,0.08865
2026-01-13 10:00:00,0.0644,0.11000000000000001,0.022143,0.0872
2026-01-13 11:00:00,0.06,0.11000000000000001,0.022143,0.085
2026-01-13 12:00:00,0.057300000000000004,0.12,0.022143,0.08865
2026-01-13 13:00:00,0.0659,0.12,0.022143,0.09295
2026-01-13 14:00:00,0.0596,0.1028,0.022143,0.0812
2026-01-13 15:00:00,0.044500000000000005,0.0994,0.022143,0.07195
2026-01-13 16:00:00,0.0475,0.0821,0.022143,0.0648
2026-01-13 17:00:00,0.0479,0.07,0.022143,0.05895
2026-01-13 18:00:00,0.0489,0.0576,0.022143,0.05325
2026-01-13 19:00:00,0.042800000000000005,0.07,0.022143,0.056400000000000006
2026-01-13 20:00:00,0.039900000000000005,0.0799,0.022143,0.0599
2026-01-13 21:00:00,0.0397,0.08,0.022143,0.05985
2026-01-13 22:00:00,0.0453,0.0942,0.022143,0.06975
2026-01-13 23:00:00,0.049100000000000005,0.0942,0.022143,0.07165
2026-01-14 00:00:00,0.049400000000000006,0.09,0.044286,0.0697
2026-01-14 01:00:00,0.049699999999999994,0.1,0.044286,0.07485
2026-01-14 02:00:00,0.049699999999999994,0.0994,0.044286,0.07455
2026-01-14 03:00:00,0.0499,0.1,0.044286,0.07495
2026-01-14 04:00:00,0.0484,0.09,0.044286,0.0692
2026-01-14 05:00:00,0.0487,0.0933,0.044286,0.071
2026-01-14 06:00:00,0.05,0.11,0.044286,0.08
2026-01-14 07:00:00,0.049800000000000004,0.11,0.044286,0.0799
2026-01-14 08:00:00,0.0496,0.11,0.044286,0.0798
2026-01-14 09:00:00,0.05,0.1,0.044286,0.07500000000000001
2026-01-14 10:00:00,0.0499,0.11,0.044286,0.07995
2026-01-14 11:00:00,0.049800000000000004,0.11,0.044286,0.0799
2026-01-14 12:00:00,0.05,0.11,0.044286,0.08
2026-01-14 13:00:00,0.050199999999999995,0.0907,0.044286,0.07045
2026-01-14 14:00:00,0.050300000000000004,0.09,0.044286,0.07015
2026-01-14 15:00:00,0.0466,0.09,0.044286,0.0683
2026-01-14 16:00:00,0.056100000000000004,0.0887,0.044286,0.0724
2026-01-14 17:00:00,0.0506,0.0558,0.044286,0.0532
2026-01-14 18:00:00,0.0499,0.0632,0.044286,0.05655
2026-01-14 19:00:00,0.0584,0.09,0.044286,0.0742
2026-01-14 20:00:00,0.0559,0.09,0.044286,0.07295
2026-01-14 21:00:00,0.0518,0.09,0.044286,0.07089999999999999
2026-01-14 22:00:00,0.0591,0.09,0.044286,0.07455
2026-01-14 23:00:00,0.0555,0.08990000000000001,0.044286,0.0727
2026-01-15 00:00:00,0.0509,0.08,0.044286,0.06545000000000001
2026-01-15 01:00:00,0.0562,0.08,0.044286,0.0681
2026-01-15 02:00:00,0.059800000000000006,0.08,0.044286,0.0699
2026-01-15 03:00:00,0.051100000000000007,0.0914,0.044286,0.07125000000000001
2026-01-15 04:00:00,0.049699999999999994,0.0917,0.044286,0.0707
2026-01-15 05:00:00,0.053,0.0917,0.044286,0.07235
2026-01-15 06:00:00,0.06,0.0917,0.044286,0.07585
2026-01-15 07:00:00,0.0528,0.0917,0.044286,0.07225000000000001
2026-01-15 08:00:00,0.0599,0.09,0.044286,0.07495
2026-01-15 11:00:00,0.0575,0.09,0.044286,0.07375
2026-01-15 12:00:00,0.0599,0.09,0.044286,0.07495
2026-01-15 13:00:00,0.0599,0.09,0.044286,0.07495
2026-01-15 14:00:00,0.059500000000000004,0.09,0.044286,0.07475
2026-01-15 15:00:00,0.059800000000000006,0.07,0.044286,0.06490000000000001
2026-01-15 16:00:00,0.0596,0.09,0.044286,0.0748
2026-01-15 17:00:00,0.0567,0.08,0.044286,0.06835
2026-01-15 18:00:00,0.059500000000000004,0.0836,0.044286,0.07155
2026-01-15 19:00:00,0.0579,0.0836,0.044286,0.07075
2026-01-15 20:00:00,0.0555,0.0836,0.044286,0.06955
2026-01-15 21:00:00,0.0553,0.0836,0.044286,0.06945
2026-01-15 22:00:00,0.0538,0.0836,0.044286,0.0687
2026-01-15 23:00:00,0.053099999999999994,0.0836,0.044286,0.06835
2026-01-16 00:00:00,0.0574,0.0836,0.044286,0.0705
2026-01-16 01:00:00,0.059699999999999996,0.09,0.044286,0.07485
2026-01-16 02:00:00,0.0596,0.09,0.044286,0.0748
2026-01-16 03:00:00,0.059699999999999996,0.09,0.044286,0.07485
2026-01-16 04:00:00,0.0599,0.07,0.044286,0.06495000000000001
2026-01-16 05:00:00,0.0587,0.07,0.044286,0.06435
2026-01-16 06:00:00,0.0582,0.07,0.044286,0.0641
2026-01-16 07:00:00,0.059000000000000004,0.08,0.044286,0.0695
2026-01-16 08:00:00,0.056900000000000006,0.08,0.044286,0.06845000000000001
2026-01-16 09:00:00,0.0506,0.08,0.044286,0.0653
2026-01-16 10:00:00,0.051500000000000004,0.08,0.044286,0.06575
2026-01-16 11:00:00,0.059800000000000006,0.08,0.044286,0.0699
2026-01-16 12:00:00,0.056299999999999996,0.08,0.044286,0.06815
2026-01-16 13:00:00,0.0519,0.08,0.044286,0.06595000000000001
2026-01-16 14:00:00,0.0588,0.08,0.044286,0.0694
2026-01-16 15:00:00,0.055099999999999996,0.08,0.044286,0.06755
2026-01-16 16:00:00,0.0558,0.060500000000000005,0.044286,0.05815000000000001
2026-01-16 17:00:00,0.056799999999999996,0.07,0.044286,0.0634
2026-01-16 18:00:00,0.0567,0.07,0.044286,0.06335
2026-01-16 19:00:00,0.059500000000000004,0.07,0.044286,0.06475
2026-01-16 20:00:00,0.0553,0.07,0.044286,0.06265000000000001
2026-01-16 21:00:00,0.055999999999999994,0.07,0.044286,0.063
2026-01-16 22:00:00,0.0557,0.07,0.044286,0.06285
2026-01-16 23:00:00,0.0584,0.07,0.044286,0.06420000000000001
2026-01-17 00:00:00,0.0593,0.07,0.044286,0.06465
2026-01-17 01:00:00,0.0599,0.06,0.044286,0.05995
2026-01-17 02:00:00,0.0582,0.06,0.044286,0.0591
2026-01-17 03:00:00,0.059000000000000004,0.06,0.044286,0.0595
2026-01-17 04:00:00,0.0553,0.07,0.044286,0.06265000000000001
2026-01-17 05:00:00,0.0547,0.07,0.044286,0.06235
2026-01-17 06:00:00,0.059800000000000006,0.08130000000000001,0.044286,0.07055
2026-01-17 07:00:00,0.0541,0.0873,0.044286,0.0707
2026-01-17 08:00:00,0.0596,0.0873,0.044286,0.07345
2026-01-17 09:00:00,0.053099999999999994,0.0873,0.044286,0.0702
2026-01-17 10:00:00,0.0564,0.0873,0.044286,0.07185
2026-01-17 11:00:00,0.06,0.09,0.044286,0.075
2026-01-17 12:00:00,0.06,0.09,0.044286,0.075
2026-01-17 13:00:00,0.0583,0.1,0.044286,0.07915
2026-01-17 14:00:00,0.059699999999999996,0.1,0.044286,0.07985
2026-01-17 15:00:00,0.06,0.1,0.044286,0.08
2026-01-17 16:00:00,0.0483,0.1,0.044286,0.07415000000000001
2026-01-17 17:00:00,0.0473,0.1,0.044286,0.07365000000000001
2026-01-17 18:00:00,0.0495,0.0871,0.044286,0.0683
2026-01-17 19:00:00,0.0499,0.09029999999999999,0.044286,0.0701
2026-01-17 20:00:00,0.0496,0.0924,0.044286,0.071
2026-01-17 21:00:00,0.0499,0.1,0.044286,0.07495
2026-01-17 22:00:00,0.0495,0.1,0.044286,0.07475000000000001
2026-01-17 23:00:00,0.0499,0.1,0.044286,0.07495
2026-01-18 00:00:00,0.05,0.1,0.044286,0.07500000000000001
2026-01-18 01:00:00,0.049800000000000004,0.1,0.044286,0.07490000000000001
2026-01-18 02:00:00,0.0493,0.1,0.044286,0.07465
2026-01-18 03:00:00,0.0487,0.1,0.044286,0.07435
2026-01-18 04:00:00,0.049800000000000004,0.0978,0.044286,0.0738
2026-01-18 05:00:00,0.0412,0.1,0.044286,0.0706
2026-01-18 06:00:00,0.0453,0.1,0.044286,0.07265
2026-01-18 07:00:00,0.0499,0.08829999999999999,0.044286,0.0691
2026-01-18 08:00:00,0.049800000000000004,0.09,0.044286,0.0699
2026-01-18 09:00:00,0.04,0.09,0.044286,0.065
2026-01-18 10:00:00,0.0388,0.09,0.044286,0.0644
2026-01-18 11:00:00,0.039599999999999996,0.09,0.044286,0.0648
2026-01-18 12:00:00,0.049100000000000005,0.09,0.044286,0.06955
2026-01-18 13:00:00,0.0446,0.09,0.044286,0.0673
2026-01-18 14:00:00,0.05,0.1,0.044286,0.07500000000000001
2026-01-18 15:00:00,0.05,0.11000000000000001,0.044286,0.08000000000000002
2026-01-18 16:00:00,0.0466,0.10900000000000001,0.044286,0.07780000000000001
2026-01-18 17:00:00,0.049,0.09509999999999999,0.044286,0.07205
2026-01-18 18:00:00,0.048799999999999996,0.09509999999999999,0.044286,0.07194999999999999
2026-01-18 19:00:00,0.047599999999999996,0.0847,0.044286,0.06615
2026-01-18 20:00:00,0.0495,0.08750000000000001,0.044286,0.0685
2026-01-18 21:00:00,0.04769999999999999,0.0836,0.044286,0.06564999999999999
2026-01-18 22:00:00,0.04190000000000001,0.1,0.044286,0.07095000000000001
2026-01-18 23:00:00,0.0482,0.0825,0.044286,0.06535
2026-01-19 00:00:00,0.0493,0.09,0.044286,0.06964999999999999
2026-01-19 01:00:00,0.0484,0.09,0.044286,0.0692
2026-01-19 02:00:00,0.0481,0.0822,0.044286,0.06515
2026-01-19 03:00:00,0.0493,0.09,0.044286,0.06964999999999999
2026-01-19 04:00:00,0.0458,0.0977,0.044286,0.07175
2026-01-19 05:00:00,0.05,0.0964,0.044286,0.0732
2026-01-19 06:00:00,0.05,0.09670000000000001,0.044286,0.07335
2026-01-19 07:00:00,0.047400000000000005,0.09670000000000001,0.044286,0.07205
2026-01-19 08:00:00,0.049,0.09670000000000001,0.044286,0.07285
2026-01-19 09:00:00,0.0499,0.0917,0.044286,0.0708
2026-01-19 10:00:00,0.0499,0.0917,0.044286,0.0708
2026-01-19 11:00:00,0.0404,0.0917,0.044286,0.06605
2026-01-19 12:00:00,0.0407,0.0917,0.044286,0.06620000000000001
2026-01-19 13:00:00,0.0492,0.0917,0.044286,0.07045
2026-01-19 14:00:00,0.05,0.09820000000000001,0.044286,0.0741
2026-01-19 15:00:00,0.0487,0.09820000000000001,0.044286,0.07345
2026-01-19 16:00:00,0.0438,0.09820000000000001,0.044286,0.07100000000000001
2026-01-19 17:00:00,0.048499999999999995,0.09820000000000001,0.044286,0.07335
2026-01-19 18:00:00,0.0432,0.0939,0.044286,0.06855
2026-01-19 19:00:00,0.0493,0.0939,0.044286,0.0716
2026-01-19 20:00:00,0.048799999999999996,0.0939,0.044286,0.07135
2026-01-19 21:00:00,0.0458,0.0939,0.044286,0.06985
2026-01-19 22:00:00,0.0397,0.0939,0.044286,0.0668
2026-01-19 23:00:00,0.0384,0.0896,0.044286,0.064
2026-01-20 00:00:00,0.0392,0.0801,0.055357,0.05965
2026-01-20 01:00:00,0.039900000000000005,0.0801,0.055357,0.060000000000000005
2026-01-20 02:00:00,0.0322,0.0983,0.055357,0.06525
2026-01-20 03:00:00,0.0398,0.09,0.055357,0.0649
2026-01-20 04:00:00,0.039900000000000005,0.09,0.055357,0.06495000000000001
2026-01-20 05:00:00,0.0397,0.1,0.055357,0.06985
2026-01-20 06:00:00,0.039900000000000005,0.07919999999999999,0.055357,0.05955
2026-01-20 07:00:00,0.039900000000000005,0.0803,0.055357,0.0601
2026-01-20 08:00:00,0.039,0.0803,0.055357,0.059649999999999995
2026-01-20 09:00:00,0.0388,0.09,0.055357,0.0644
2026-01-20 10:00:00,0.0304,0.09,0.055357,0.0602
2026-01-20 11:00:00,0.039900000000000005,0.08,0.055357,0.05995
2026-01-20 12:00:00,0.031400000000000004,0.08,0.055357,0.0557
2026-01-20 13:00:00,0.0388,0.08,0.055357,0.0594
2026-01-20 14:00:00,0.0322,0.08,0.055357,0.0561
2026-01-20 15:00:00,0.0316,0.08,0.055357,0.0558
2026-01-20 16:00:00,0.0388,0.08,0.055357,0.0594
2026-01-20 17:00:00,0.038900000000000004,0.08,0.055357,0.05945
2026-01-20 18:00:00,0.0364,0.08,0.055357,0.0582
2026-01-20 19:00:00,0.0371,0.07,0.055357,0.05355
2026-01-20 20:00:00,0.037200000000000004,0.07,0.055357,0.05360000000000001
2026-01-20 21:00:00,0.0323,0.07,0.055357,0.05115
2026-01-20 22:00:00,0.0352,0.07,0.055357,0.05260000000000001
2026-01-20 23:00:00,0.04,0.07,0.055357,0.05500000000000001
2026-01-21 00:00:00,0.0391,0.08,0.044286,0.059550000000000006
2026-01-21 01:00:00,0.0394,0.08,0.044286,0.0597
2026-01-21 02:00:00,0.0387,0.0769,0.044286,0.0578
2026-01-21 03:00:00,0.0308,0.07,0.044286,0.0504
2026-01-21 04:00:00,0.039900000000000005,0.07,0.044286,0.054950000000000006
2026-01-21 05:00:00,0.0371,0.06,0.044286,0.048549999999999996
2026-01-21 06:00:00,0.039900000000000005,0.06,0.044286,0.04995
2026-01-21 07:00:00,0.032400000000000005,0.06,0.044286,0.046200000000000005
2026-01-21 08:00:00,0.0385,0.055,0.044286,0.04675
2026-01-21 09:00:00,0.0319,0.0521,0.044286,0.041999999999999996
2026-01-21 10:00:00,0.0311,0.0509,0.044286,0.041
2026-01-21 11:00:00,0.0301,0.044500000000000005,0.044286,0.0373
2026-01-21 12:00:00,0.030699999999999998,0.04,0.044286,0.03535
2026-01-21 13:00:00,0.0305,0.04,0.044286,0.035250000000000004
2026-01-21 14:00:00,0.0302,0.046400000000000004,0.044286,0.0383
2026-01-21 15:00:00,0.029900000000000003,0.05,0.044286,0.03995
2026-01-21 16:00:00,0.0296,0.059,0.044286,0.0443
2026-01-21 17:00:00,0.029900000000000003,0.059,0.044286,0.04445
2026-01-21 18:00:00,0.029900000000000003,0.05,0.044286,0.03995
2026-01-21 19:00:00,0.0298,0.05,0.044286,0.039900000000000005
2026-01-21 20:00:00,0.0298,0.05,0.044286,0.039900000000000005
2026-01-21 21:00:00,0.025099999999999997,0.0488,0.044286,0.03695
2026-01-21 22:00:00,0.0298,0.05,0.044286,0.039900000000000005
2026-01-21 23:00:00,0.029900000000000003,0.05,0.044286,0.03995
2026-01-22 00:00:00,0.0297,0.041800000000000004,0.044286,0.035750000000000004
2026-01-22 01:00:00,0.027000000000000003,0.0598,0.044286,0.0434
2026-01-22 02:00:00,0.03,0.05,0.044286,0.04
2026-01-22 03:00:00,0.029500000000000002,0.05,0.044286,0.03975
2026-01-22 04:00:00,0.0298,0.05,0.044286,0.039900000000000005
2026-01-22 05:00:00,0.029900000000000003,0.05,0.044286,0.03995
2026-01-22 06:00:00,0.0292,0.05,0.044286,0.0396
2026-01-22 07:00:00,0.029900000000000003,0.05,0.044286,0.03995
2026-01-22 08:00:00,0.03,0.05,0.044286,0.04
2026-01-22 11:00:00,0.0286,0.05,0.044286,0.0393
2026-01-22 12:00:00,0.03,0.05,0.044286,0.04
2026-01-22 13:00:00,0.029900000000000003,0.05,0.044286,0.03995
2026-01-22 14:00:00,0.029900000000000003,0.05,0.044286,0.03995
2026-01-22 15:00:00,0.0288,0.05,0.044286,0.039400000000000004
2026-01-22 16:00:00,0.022400000000000003,0.05,0.044286,0.0362
2026-01-22 17:00:00,0.0298,0.05,0.044286,0.039900000000000005
2026-01-22 18:00:00,0.028999999999999998,0.05,0.044286,0.0395
2026-01-22 19:00:00,0.028399999999999998,0.06,0.044286,0.044199999999999996
2026-01-22 20:00:00,0.0278,0.06,0.044286,0.043899999999999995
2026-01-22 21:00:00,0.03,0.06,0.044286,0.045
2026-01-22 22:00:00,0.0298,0.0382,0.044286,0.034
2026-01-22 23:00:00,0.029900000000000003,0.05,0.044286,0.03995
2026-01-23 00:00:00,0.0292,0.0495,0.044286,0.03935
2026-01-23 01:00:00,0.029900000000000003,0.05,0.044286,0.03995
2026-01-23 02:00:00,0.0297,0.05,0.044286,0.039850000000000003
2026-01-23 03:00:00,0.0225,0.05,0.044286,0.036250000000000004
2026-01-23 04:00:00,0.029300000000000003,0.05,0.044286,0.039650000000000005
2026-01-23 05:00:00,0.029900000000000003,0.05,0.044286,0.03995
2026-01-23 06:00:00,0.03,0.0501,0.044286,0.04005
2026-01-23 07:00:00,0.026600000000000002,0.06,0.044286,0.0433
2026-01-23 08:00:00,0.0206,0.06,0.044286,0.0403
2026-01-23 09:00:00,0.03,0.06,0.044286,0.045
2026-01-23 10:00:00,0.023,0.06,0.044286,0.041499999999999995
2026-01-23 11:00:00,0.03,0.06,0.044286,0.045
2026-01-23 12:00:00,0.0212,0.06,0.044286,0.0406
2026-01-23 13:00:00,0.03,0.06,0.044286,0.045
2026-01-23 14:00:00,0.0278,0.06,0.044286,0.043899999999999995
2026-01-23 15:00:00,0.024300000000000002,0.06,0.044286,0.04215
2026-01-23 16:00:00,0.029900000000000003,0.06,0.044286,0.044950000000000004
2026-01-23 17:00:00,0.0298,0.06,0.044286,0.044899999999999995
2026-01-23 18:00:00,0.029900000000000003,0.05,0.044286,0.03995
2026-01-23 19:00:00,0.0225,0.0508,0.044286,0.03665
2026-01-23 20:00:00,0.0291,0.0508,0.044286,0.03995
2026-01-23 21:00:00,0.0294,0.06,0.044286,0.0447
2026-01-23 22:00:00,0.0265,0.0436,0.044286,0.03505
2026-01-23 23:00:00,0.0225,0.0436,0.044286,0.033049999999999996
2026-01-24 00:00:00,0.0217,0.051500000000000004,0.044286,0.0366
2026-01-24 01:00:00,0.0278,0.051500000000000004,0.044286,0.039650000000000005
2026-01-24 02:00:00,0.0297,0.0553,0.044286,0.0425
2026-01-24 03:00:00,0.0202,0.05,0.044286,0.0351
2026-01-24 04:00:00,0.0197,0.05,0.044286,0.03485
2026-01-24 05:00:00,0.0199,0.05,0.044286,0.03495
2026-01-24 06:00:00,0.019799999999999998,0.05,0.044286,0.0349
2026-01-24 07:00:00,0.0195,0.05,0.044286,0.03475
2026-01-24 08:00:00,0.0191,0.05,0.044286,0.03455
2026-01-24 09:00:00,0.0124,0.03,0.044286,0.0212
2026-01-24 10:00:00,0.0199,0.03,0.044286,0.02495
2026-01-24 11:00:00,0.02,0.03,0.044286,0.025
2026-01-24 12:00:00,0.0183,0.04,0.044286,0.029150000000000002
2026-01-24 13:00:00,0.015600000000000001,0.04,0.044286,0.027800000000000002
2026-01-24 14:00:00,0.011000000000000001,0.04,0.044286,0.025500000000000002
2026-01-24 15:00:00,0.010700000000000001,0.04,0.044286,0.02535
2026-01-24 16:00:00,0.0199,0.04,0.044286,0.02995
2026-01-24 17:00:00,0.0199,0.04,0.044286,0.02995
2026-01-24 18:00:00,0.0155,0.04,0.044286,0.02775
2026-01-24 19:00:00,0.02,0.030199999999999998,0.044286,0.025099999999999997
2026-01-24 20:00:00,0.0174,0.04,0.044286,0.0287
2026-01-24 21:00:00,0.018799999999999997,0.04,0.044286,0.0294
2026-01-24 22:00:00,0.02,0.03,0.044286,0.025
2026-01-24 23:00:00,0.0109,0.03,0.044286,0.02045
2026-01-25 00:00:00,0.0129,0.03,0.044286,0.02145
2026-01-25 01:00:00,0.0152,0.0305,0.044286,0.02285
2026-01-25 02:00:00,0.0125,0.04,0.044286,0.026250000000000002
2026-01-25 03:00:00,0.0125,0.04,0.044286,0.026250000000000002
2026-01-25 04:00:00,0.019,0.0397,0.044286,0.02935
2026-01-25 05:00:00,0.0189,0.0397,0.044286,0.0293
2026-01-25 06:00:00,0.02,0.04,0.044286,0.03
2026-01-25 07:00:00,0.0197,0.04,0.044286,0.02985
2026-01-25 08:00:00,0.02,0.04,0.044286,0.03
2026-01-25 09:00:00,0.02,0.04,0.044286,0.03
2026-01-25 10:00:00,0.02,0.04,0.044286,0.03
2026-01-25 11:00:00,0.018600000000000002,0.04,0.044286,0.0293
2026-01-25 12:00:00,0.02,0.04,0.044286,0.03
2026-01-25 13:00:00,0.0199,0.04,0.044286,0.02995
2026-01-25 14:00:00,0.02,0.04,0.044286,0.03
2026-01-25 15:00:00,0.02,0.04,0.044286,0.03
2026-01-25 16:00:00,0.0199,0.04,0.044286,0.02995
2026-01-25 17:00:00,0.0176,0.03,0.044286,0.0238
2026-01-25 18:00:00,0.0106,0.0358,0.044286,0.0232
2026-01-25 19:00:00,0.019799999999999998,0.0392,0.044286,0.0295
2026-01-25 20:00:00,0.0199,0.04,0.044286,0.02995
2026-01-25 21:00:00,0.02,0.04,0.044286,0.03
2026-01-25 22:00:00,0.0138,0.04,0.044286,0.0269
2026-01-25 23:00:00,0.0199,0.0429,0.044286,0.0314
2026-01-26 00:00:00,0.0179,0.0419,0.044286,0.0299
2026-01-26 01:00:00,0.0199,0.05,0.044286,0.03495
2026-01-26 02:00:00,0.0187,0.05,0.044286,0.034350000000000006
2026-01-26 03:00:00,0.0199,0.05,0.044286,0.03495
2026-01-26 04:00:00,0.0113,0.05260000000000001,0.044286,0.031950000000000006
2026-01-26 05:00:00,0.02,0.08,0.044286,0.05
2026-01-26 06:00:00,0.02,0.08,0.044286,0.05
2026-01-26 07:00:00,0.0195,0.0689,0.044286,0.0442
2026-01-26 08:00:00,0.02,0.0708,0.044286,0.0454
2026-01-26 09:00:00,0.02,0.0708,0.044286,0.0454
2026-01-26 10:00:00,0.02,0.08,0.044286,0.05
2026-01-26 11:00:00,0.02,0.08,0.044286,0.05
2026-01-26 12:00:00,0.0199,0.07,0.044286,0.044950000000000004
2026-01-26 13:00:00,0.02,0.0738,0.044286,0.046900000000000004
2026-01-26 14:00:00,0.019799999999999998,0.0738,0.044286,0.0468
2026-01-26 15:00:00,0.019799999999999998,0.07,0.044286,0.0449
2026-01-26 16:00:00,0.015700000000000002,0.06,0.044286,0.03785
2026-01-26 17:00:00,0.0148,0.06,0.044286,0.0374
2026-01-26 18:00:00,0.0172,0.06,0.044286,0.038599999999999995
2026-01-26 19:00:00,0.0126,0.06,0.044286,0.0363
2026-01-26 20:00:00,0.018500000000000003,0.06,0.044286,0.03925
2026-01-26 21:00:00,0.0189,0.05,0.044286,0.03445
2026-01-26 22:00:00,0.012,0.03,0.044286,0.020999999999999998
2026-01-26 23:00:00,0.0189,0.03,0.044286,0.02445
2026-01-27 00:00:00,0.0121,0.03,0.044286,0.02105
2026-01-27 01:00:00,0.0199,0.0225,0.044286,0.0212
2026-01-27 02:00:00,0.0197,0.0296,0.044286,0.02465
2026-01-27 03:00:00,0.019799999999999998,0.03,0.044286,0.0249
2026-01-27 04:00:00,0.0169,0.0313,0.044286,0.0241
2026-01-27 05:00:00,0.0197,0.0312,0.044286,0.02545
2026-01-27 06:00:00,0.0197,0.04,0.044286,0.02985
2026-01-27 07:00:00,0.0199,0.0351,0.044286,0.0275
2026-01-27 08:00:00,0.0199,0.0351,0.044286,0.0275
2026-01-27 09:00:00,0.02,0.04,0.044286,0.03
2026-01-27 10:00:00,0.0199,0.04,0.044286,0.02995
2026-01-27 11:00:00,0.02,0.04,0.044286,0.03
2026-01-27 12:00:00,0.02,0.04,0.044286,0.03
2026-01-27 13:00:00,0.02,0.04,0.044286,0.03
2026-01-27 14:00:00,0.019299999999999998,0.04,0.044286,0.02965
2026-01-27 15:00:00,0.0163,0.04,0.044286,0.02815
2026-01-27 16:00:00,0.0121,0.04,0.044286,0.02605
2026-01-27 17:00:00,0.0128,0.039900000000000005,0.044286,0.026350000000000002
2026-01-27 18:00:00,0.0118,0.04,0.044286,0.0259
2026-01-27 19:00:00,0.0109,0.04,0.044286,0.02545
2026-01-27 20:00:00,0.01,0.0235,0.044286,0.01675
2026-01-27 21:00:00,0.01,0.0359,0.044286,0.02295
2026-01-27 22:00:00,0.01,0.032100000000000004,0.044286,0.021050000000000003
2026-01-27 23:00:00,0.01,0.0363,0.044286,0.02315
2026-01-28 00:00:00,0.011200000000000002,0.0383,0.011071,0.02475
2026-01-28 01:00:00,0.0197,0.02,0.011071,0.01985
2026-01-28 02:00:00,0.018000000000000002,0.02,0.011071,0.019000000000000003
2026-01-28 03:00:00,0.0165,0.02,0.011071,0.018250000000000002
2026-01-28 04:00:00,0.0134,0.02,0.011071,0.0167
2026-01-28 05:00:00,0.010700000000000001,0.02,0.011071,0.01535
2026-01-28 06:00:00,0.01,0.02,0.011071,0.015
2026-01-28 07:00:00,0.01,0.023,0.011071,0.0165
2026-01-28 08:00:00,0.01,0.03,0.011071,0.02
2026-01-28 09:00:00,0.01,0.03,0.011071,0.02
2026-01-28 10:00:00,0.01,0.03,0.011071,0.02
2026-01-28 11:00:00,0.01,0.03,0.011071,0.02
2026-01-28 12:00:00,0.01,0.03,0.011071,0.02
2026-01-28 13:00:00,0.01,0.03,0.011071,0.02
2026-01-28 14:00:00,0.01,0.03,0.011071,0.02
2026-01-28 15:00:00,0.01,0.02,0.011071,0.015
2026-01-28 16:00:00,0.01,0.02,0.011071,0.015
2026-01-28 17:00:00,0.01,0.0264,0.011071,0.0182
2026-01-28 18:00:00,0.01,0.02,0.011071,0.015
2026-01-28 19:00:00,0.01,0.02,0.011071,0.015
