timestamp,Fed maintains rate,Cut 25bps,Cut >25bps,Hike 25bps,Hike >25bps
2025-10-07T02:00:00Z,,34.00,,,
2025-10-07T03:00:00Z,,34.10,8.00,,
2025-10-07T05:00:00Z,,34.10,10.00,,
2025-10-07T06:00:00Z,,34.10,9.00,,
2025-10-07T12:00:00Z,58.00,34.10,9.00,,
2025-10-07T14:00:00Z,58.00,34.10,9.00,,
2025-10-08T20:00:00Z,58.00,35.00,9.00,,
2025-10-08T23:00:00Z,58.94,35.00,9.00,,
2025-10-17T07:00:00Z,51.62,35.00,9.00,,
2025-10-17T11:00:00Z,50.00,35.00,9.00,,
2025-10-17T13:00:00Z,50.00,35.00,9.00,,
2025-10-20T05:00:00Z,50.00,35.00,8.45,,
2025-10-20T23:00:00Z,49.00,35.00,8.45,,
2025-10-22T02:00:00Z,49.00,40.00,8.45,,
2025-10-22T08:00:00Z,49.00,41.00,8.45,,
2025-10-23T02:00:00Z,49.00,41.00,8.45,,
2025-10-24T07:00:00Z,49.00,42.00,8.45,,
2025-10-24T10:00:00Z,49.00,42.00,10.58,,
2025-10-24T13:00:00Z,49.00,43.77,11.96,,
2025-10-25T04:00:00Z,49.00,44.00,11.96,,
2025-10-25T05:00:00Z,49.00,44.00,11.96,,
2025-10-25T10:00:00Z,49.00,44.00,11.96,,
2025-10-26T05:00:00Z,49.00,44.00,11.96,,
2025-10-28T15:00:00Z,55.17,44.00,11.96,,
2025-10-29T01:00:00Z,55.22,44.00,11.96,,
2025-10-29T21:00:00Z,55.22,44.00,14.96,,
2025-10-30T00:00:00Z,55.22,42.00,14.96,,
2025-10-30T12:00:00Z,55.25,42.00,14.96,,
2025-10-30T13:00:00Z,57.00,42.00,14.96,,
2025-10-31T16:00:00Z,58.00,33.00,14.96,,
2025-11-01T00:00:00Z,58.00,30.00,14.96,,
2025-11-01T01:00:00Z,66.78,27.46,14.96,,
2025-11-01T02:00:00Z,66.78,28.00,14.96,,
2025-11-01T04:00:00Z,66.78,27.67,14.96,,
2025-11-03T10:00:00Z,58.00,27.67,14.96,,
2025-11-05T12:00:00Z,58.00,27.67,8.57,,
2025-11-07T05:00:00Z,57.00,27.67,8.57,,
2025-11-07T10:00:00Z,57.00,27.67,10.00,,
2025-11-07T14:00:00Z,58.00,27.67,10.00,,
2025-11-09T06:00:00Z,58.00,35.72,10.00,,
2025-11-09T10:00:00Z,58.00,36.00,10.00,,
2025-11-09T21:00:00Z,56.00,36.00,10.00,,
2025-11-10T00:00:00Z,56.00,36.74,10.00,,
2025-11-11T22:00:00Z,56.00,37.00,10.00,,
2025-11-11T23:00:00Z,56.00,38.00,10.00,,
2025-11-12T13:00:00Z,65.00,38.00,10.00,,
2025-11-12T14:00:00Z,65.00,35.00,10.00,,
2025-11-12T17:00:00Z,65.00,35.00,10.00,,
2025-11-13T20:00:00Z,57.03,35.00,10.00,,
2025-11-14T06:00:00Z,57.03,35.00,10.00,,
2025-11-14T10:00:00Z,57.03,30.00,10.00,,
2025-11-14T12:00:00Z,56.00,30.00,10.00,,
2025-11-14T16:00:00Z,56.00,30.00,10.00,,
2025-11-14T17:00:00Z,56.00,30.00,10.00,,
2025-11-14T22:00:00Z,56.00,35.00,10.00,,
2025-11-15T02:00:00Z,56.00,35.00,10.00,,
2025-11-15T04:00:00Z,63.60,35.00,10.00,,
2025-11-15T07:00:00Z,63.60,35.88,10.00,,
2025-11-16T05:00:00Z,63.60,36.00,10.00,,
2025-11-16T21:00:00Z,63.60,36.00,10.00,,
2025-11-17T06:00:00Z,63.60,37.00,10.00,,
2025-11-17T09:00:00Z,63.00,37.00,10.00,,
2025-11-17T11:00:00Z,57.00,37.00,10.00,,
2025-11-17T15:00:00Z,57.00,37.00,10.00,,
2025-11-17T17:00:00Z,57.00,38.00,10.00,,
2025-11-17T18:00:00Z,57.00,39.51,10.00,,
2025-11-18T22:00:00Z,38.00,39.51,10.00,,
2025-11-18T23:00:00Z,38.00,39.00,10.00,,
2025-11-19T04:00:00Z,61.00,39.00,10.00,,
2025-11-19T18:00:00Z,58.95,39.81,10.00,,
2025-11-19T19:00:00Z,50.50,40.00,10.00,,
2025-11-19T20:00:00Z,48.00,45.40,10.00,,
2025-11-19T22:00:00Z,48.00,49.88,10.00,,
2025-11-19T23:00:00Z,48.00,49.00,10.00,,
2025-11-20T01:00:00Z,48.00,50.00,10.00,,
2025-11-20T12:00:00Z,48.00,49.00,10.00,,
2025-11-20T13:00:00Z,48.00,49.00,10.00,,
2025-11-20T14:00:00Z,44.00,50.00,10.00,,
2025-11-20T15:00:00Z,44.00,50.00,10.00,,
2025-11-20T18:00:00Z,41.08,50.00,10.00,,
2025-11-20T19:00:00Z,41.08,50.00,4.00,,
2025-11-20T23:00:00Z,41.08,45.00,4.00,,
2025-11-21T06:00:00Z,41.08,50.00,4.00,,
2025-11-21T11:00:00Z,37.47,50.00,4.00,,
2025-11-21T12:00:00Z,38.70,50.00,4.00,,
2025-11-21T13:00:00Z,36.03,51.00,4.00,,
2025-11-21T14:00:00Z,39.45,51.96,4.00,,
2025-11-21T15:00:00Z,53.18,43.00,4.00,,
2025-11-21T16:00:00Z,53.18,43.00,4.00,,
2025-11-21T17:00:00Z,53.18,40.98,4.00,,
2025-11-21T20:00:00Z,53.18,41.40,4.00,,
2025-11-21T22:00:00Z,53.18,43.00,6.00,,
2025-11-21T23:00:00Z,50.00,43.00,6.00,,
2025-11-22T00:00:00Z,48.00,43.00,6.00,,
2025-11-22T14:00:00Z,50.00,43.00,6.00,,
2025-11-23T16:00:00Z,49.00,43.00,6.00,,
2025-11-24T00:00:00Z,49.00,43.00,4.00,,
2025-11-24T13:00:00Z,50.03,43.00,4.00,,
2025-11-24T14:00:00Z,58.10,43.00,4.00,,
2025-11-24T19:00:00Z,58.10,42.00,4.00,,
2025-11-24T23:00:00Z,60.00,42.00,4.00,,
2025-11-25T01:00:00Z,60.00,40.83,4.00,,
2025-11-25T03:00:00Z,59.24,33.72,4.00,,
2025-11-25T04:00:00Z,60.32,33.72,4.00,,
2025-11-25T07:00:00Z,59.22,33.72,4.00,,
2025-11-25T08:00:00Z,61.00,33.72,4.00,,
2025-11-25T12:00:00Z,68.00,33.72,4.00,,
2025-11-25T15:00:00Z,68.00,30.00,4.00,,
2025-11-25T20:00:00Z,62.00,39.58,4.00,,
2025-11-25T23:00:00Z,60.00,39.00,4.00,,
2025-11-26T01:00:00Z,60.00,39.00,4.00,,
2025-11-26T05:00:00Z,60.00,31.36,4.00,,
2025-11-26T17:00:00Z,61.00,31.36,4.00,,
2025-11-26T22:00:00Z,67.04,31.36,4.00,,
2025-11-27T02:00:00Z,67.04,36.61,4.00,,
2025-11-27T03:00:00Z,62.00,36.61,4.00,,
2025-11-27T05:00:00Z,62.00,37.00,4.00,,
2025-11-27T15:00:00Z,61.00,37.00,4.00,,
2025-11-27T19:00:00Z,62.00,37.00,4.00,,
2025-11-28T00:00:00Z,62.00,37.00,4.00,,
2025-11-28T06:00:00Z,63.00,31.00,4.00,,
2025-11-28T09:00:00Z,63.00,31.00,4.00,,
2025-11-28T10:00:00Z,63.00,29.91,4.00,,
2025-11-28T13:00:00Z,63.00,29.91,4.00,,
2025-11-28T14:00:00Z,64.00,29.91,4.00,,
2025-11-28T16:00:00Z,65.00,29.91,4.00,,
2025-11-28T18:00:00Z,63.00,29.91,4.00,,
2025-11-28T23:00:00Z,64.00,29.91,4.00,,
2025-11-29T00:00:00Z,65.00,29.91,4.00,,
2025-11-29T01:00:00Z,65.00,29.91,4.00,,
2025-11-29T05:00:00Z,65.00,29.91,4.00,,
2025-11-29T15:00:00Z,68.80,29.91,4.00,,
2025-11-29T20:00:00Z,63.00,29.91,4.00,,
2025-11-29T21:00:00Z,65.00,29.91,4.00,,
2025-11-29T22:00:00Z,65.00,29.91,4.00,,
2025-11-30T00:00:00Z,65.78,29.91,4.00,,
2025-11-30T08:00:00Z,65.78,30.00,4.00,,
2025-11-30T21:00:00Z,65.78,30.00,5.00,,
2025-11-30T22:00:00Z,65.78,30.00,5.00,3.00,
2025-12-01T05:00:00Z,65.00,30.00,5.00,3.00,
2025-12-01T15:00:00Z,68.00,30.00,5.00,3.00,
2025-12-01T16:00:00Z,72.62,30.00,5.00,3.00,
2025-12-01T18:00:00Z,63.14,30.00,5.00,3.00,
2025-12-01T21:00:00Z,63.14,31.00,5.00,3.00,
2025-12-02T00:00:00Z,63.14,33.99,5.00,3.00,
2025-12-02T01:00:00Z,64.00,33.99,5.00,3.00,
2025-12-02T02:00:00Z,64.00,30.00,5.00,3.00,
2025-12-02T03:00:00Z,64.00,30.00,5.00,3.00,
2025-12-02T04:00:00Z,64.00,30.00,5.00,3.00,
2025-12-02T06:00:00Z,64.05,30.00,5.00,3.00,
2025-12-02T09:00:00Z,64.05,27.50,4.00,3.00,
2025-12-02T19:00:00Z,66.50,27.50,4.00,3.00,
2025-12-02T20:00:00Z,66.00,27.50,4.00,3.00,
2025-12-02T22:00:00Z,67.90,27.50,4.00,3.00,
2025-12-03T02:00:00Z,68.42,27.50,3.00,3.00,
2025-12-03T03:00:00Z,64.02,27.50,3.00,3.00,
2025-12-03T05:00:00Z,64.02,33.25,3.00,3.00,
2025-12-03T06:00:00Z,64.02,29.00,3.00,3.00,
2025-12-03T14:00:00Z,63.29,29.00,3.00,3.00,
2025-12-03T15:00:00Z,61.79,36.00,3.00,3.00,
2025-12-03T18:00:00Z,64.00,36.00,3.00,3.00,
2025-12-03T23:00:00Z,64.00,35.92,3.00,3.00,
2025-12-04T08:00:00Z,67.00,35.92,3.00,3.00,
2025-12-04T14:00:00Z,62.00,35.92,3.00,3.00,
2025-12-04T15:00:00Z,66.86,29.18,3.00,3.00,
2025-12-04T17:00:00Z,66.86,30.00,3.00,3.00,
2025-12-04T18:00:00Z,66.86,30.00,3.00,3.00,
2025-12-04T19:00:00Z,67.00,30.00,3.00,3.00,
2025-12-04T20:00:00Z,69.08,31.57,3.00,3.00,
2025-12-04T21:00:00Z,67.00,32.00,3.00,3.00,
2025-12-05T00:00:00Z,67.00,33.00,3.00,3.00,
2025-12-05T04:00:00Z,67.00,32.00,3.00,3.00,
2025-12-05T14:00:00Z,66.00,35.00,3.00,3.00,
2025-12-05T17:00:00Z,66.00,32.00,3.00,3.00,
2025-12-05T20:00:00Z,65.03,32.00,3.00,3.00,
2025-12-06T16:00:00Z,65.03,33.00,3.00,3.00,
2025-12-07T18:00:00Z,65.03,32.00,3.00,3.00,
2025-12-08T07:00:00Z,65.03,32.00,3.00,3.00,1.00
2025-12-08T14:00:00Z,70.00,32.00,3.00,3.00,1.00
2025-12-08T20:00:00Z,69.07,29.00,3.00,3.00,1.00
2025-12-09T06:00:00Z,69.07,28.00,3.00,3.00,1.00
2025-12-09T13:00:00Z,72.00,28.00,3.00,3.00,1.00
2025-12-09T16:00:00Z,72.97,27.00,3.00,3.00,1.00
2025-12-09T17:00:00Z,72.97,27.00,4.00,3.00,1.00
2025-12-09T18:00:00Z,72.97,28.70,4.00,3.00,1.00
2025-12-09T20:00:00Z,72.97,28.00,4.00,3.00,1.00
2025-12-09T21:00:00Z,71.00,28.00,4.00,3.00,1.00
2025-12-10T00:00:00Z,68.00,28.00,4.00,3.00,1.00
2025-12-10T01:00:00Z,68.00,28.00,4.00,3.00,1.00
2025-12-10T02:00:00Z,68.00,28.00,4.00,3.00,1.00
2025-12-10T05:00:00Z,71.00,28.00,4.00,3.00,1.00
2025-12-10T06:00:00Z,70.00,27.85,4.00,3.00,1.00
2025-12-10T07:00:00Z,71.00,27.85,4.00,3.00,1.00
2025-12-10T10:00:00Z,71.00,27.85,4.00,3.00,1.00
2025-12-10T12:00:00Z,71.00,27.85,4.00,3.00,1.00
2025-12-10T13:00:00Z,69.55,27.00,4.00,3.00,1.00
2025-12-10T14:00:00Z,69.55,26.00,4.00,3.00,1.00
2025-12-10T15:00:00Z,69.55,23.78,4.00,3.00,1.00
2025-12-10T16:00:00Z,72.00,19.88,4.00,3.00,1.00
2025-12-10T17:00:00Z,72.00,25.72,4.00,3.00,1.00
2025-12-10T18:00:00Z,72.02,19.35,4.00,3.00,1.00
2025-12-10T19:00:00Z,77.58,15.54,4.00,3.00,1.00
2025-12-10T20:00:00Z,81.50,20.30,2.02,1.00,1.00
2025-12-10T21:00:00Z,81.68,20.27,2.27,1.00,1.00
2025-12-10T22:00:00Z,81.99,21.01,1.99,1.00,1.00
2025-12-10T23:00:00Z,81.99,18.97,2.00,1.00,1.00
2025-12-11T00:00:00Z,81.99,18.98,2.00,1.00,1.00
2025-12-11T01:00:00Z,81.55,19.00,2.00,1.00,1.00
2025-12-11T02:00:00Z,81.03,19.00,2.00,1.00,1.00
2025-12-11T03:00:00Z,81.01,18.84,1.00,1.00,1.00
2025-12-11T04:00:00Z,81.93,18.32,2.00,1.00,1.00
2025-12-11T05:00:00Z,81.00,18.85,1.87,1.00,1.00
2025-12-11T06:00:00Z,81.66,19.00,1.87,1.00,1.00
2025-12-11T07:00:00Z,81.96,19.00,2.00,1.00,1.00
2025-12-11T08:00:00Z,83.00,18.58,2.00,1.00,1.00
2025-12-11T11:00:00Z,83.00,19.00,2.00,1.00,1.00
2025-12-11T12:00:00Z,83.00,17.99,2.00,1.00,1.00
2025-12-11T13:00:00Z,83.97,18.00,2.00,1.00,1.00
2025-12-11T14:00:00Z,84.00,17.99,2.00,1.00,1.00
2025-12-11T15:00:00Z,82.87,17.39,2.00,1.00,1.00
2025-12-11T16:00:00Z,81.99,17.99,2.00,1.00,1.00
2025-12-11T17:00:00Z,81.35,19.13,2.00,1.00,1.00
2025-12-11T18:00:00Z,80.08,21.00,2.00,1.00,1.00
2025-12-11T19:00:00Z,81.00,20.95,2.00,1.00,1.00
2025-12-11T20:00:00Z,80.95,20.12,2.00,1.00,1.00
2025-12-11T21:00:00Z,80.98,19.99,2.00,1.00,1.00
2025-12-11T22:00:00Z,81.00,19.98,2.00,1.00,1.00
2025-12-11T23:00:00Z,81.00,19.99,2.00,1.00,1.00
2025-12-12T00:00:00Z,81.00,19.99,2.00,1.00,1.00
2025-12-12T01:00:00Z,80.99,19.73,2.00,1.00,1.00
2025-12-12T02:00:00Z,80.99,19.17,2.00,1.00,1.00
2025-12-12T03:00:00Z,81.00,20.00,2.00,1.00,1.00
2025-12-12T04:00:00Z,80.99,20.00,2.00,1.00,1.00
2025-12-12T05:00:00Z,80.77,19.89,2.00,1.00,1.00
2025-12-12T06:00:00Z,80.37,20.00,2.00,1.00,1.00
2025-12-12T07:00:00Z,81.00,20.00,2.00,1.00,1.00
2025-12-12T08:00:00Z,81.00,20.00,2.00,1.00,1.00
2025-12-12T09:00:00Z,81.00,20.00,2.00,1.00,1.00
2025-12-12T10:00:00Z,80.00,20.00,2.00,1.00,1.00
2025-12-12T11:00:00Z,80.00,20.00,2.00,1.00,1.00
2025-12-12T12:00:00Z,80.00,21.00,2.00,1.00,1.00
2025-12-12T13:00:00Z,78.09,20.81,2.00,1.00,1.00
2025-12-12T14:00:00Z,77.66,22.54,2.00,1.00,1.00
2025-12-12T15:00:00Z,77.64,23.29,2.00,1.00,1.00
2025-12-12T16:00:00Z,78.76,22.48,2.00,1.00,1.00
2025-12-12T17:00:00Z,77.73,21.41,2.00,1.00,1.00
2025-12-12T18:00:00Z,78.02,22.00,2.00,1.00,1.00
2025-12-12T19:00:00Z,79.00,22.00,2.00,1.00,1.00
2025-12-12T20:00:00Z,78.07,22.00,1.97,1.00,1.00
2025-12-12T21:00:00Z,77.92,21.96,2.00,1.00,1.00
2025-12-12T22:00:00Z,77.25,21.19,2.00,1.00,1.00
2025-12-12T23:00:00Z,78.00,22.00,2.00,1.00,1.00
2025-12-13T00:00:00Z,77.95,22.00,2.00,1.00,1.00
2025-12-13T01:00:00Z,77.83,22.00,2.00,1.00,1.00
2025-12-13T02:00:00Z,77.00,22.00,2.00,1.00,1.00
2025-12-13T03:00:00Z,77.90,21.46,2.00,1.00,1.00
2025-12-13T04:00:00Z,77.18,21.93,2.00,1.00,1.00
2025-12-13T05:00:00Z,78.03,22.00,2.00,1.00,1.00
2025-12-13T06:00:00Z,77.01,22.00,2.00,1.00,1.00
2025-12-13T07:00:00Z,79.00,21.13,2.00,1.00,1.00
2025-12-13T08:00:00Z,78.29,22.00,2.00,1.00,1.00
2025-12-13T09:00:00Z,77.00,21.50,2.00,1.00,1.00
2025-12-13T10:00:00Z,79.00,21.50,2.00,1.00,1.00
2025-12-13T11:00:00Z,79.00,21.50,2.00,1.00,1.00
2025-12-13T12:00:00Z,79.00,22.00,2.00,1.00,1.00
2025-12-13T13:00:00Z,78.52,22.00,2.00,1.00,1.00
2025-12-13T14:00:00Z,78.33,21.24,2.00,1.00,1.00
2025-12-13T15:00:00Z,78.26,22.00,2.00,1.00,1.00
2025-12-13T16:00:00Z,78.94,21.93,2.00,1.00,1.00
2025-12-13T17:00:00Z,78.96,21.63,2.00,1.00,1.00
2025-12-13T18:00:00Z,78.00,22.00,2.00,1.00,1.00
2025-12-13T19:00:00Z,78.92,21.77,2.00,1.00,1.00
2025-12-13T20:00:00Z,79.26,21.13,2.00,1.00,1.00
2025-12-13T21:00:00Z,78.95,21.00,2.00,1.00,1.00
2025-12-13T22:00:00Z,78.99,21.00,2.00,1.00,1.00
2025-12-13T23:00:00Z,78.24,20.62,2.00,1.00,1.00
2025-12-14T00:00:00Z,78.51,21.00,2.00,1.00,1.00
2025-12-14T01:00:00Z,78.91,21.00,2.00,1.00,1.00
2025-12-14T02:00:00Z,78.97,20.96,2.00,1.00,1.00
2025-12-14T03:00:00Z,78.24,20.96,2.00,1.00,1.00
2025-12-14T04:00:00Z,78.86,21.00,2.00,1.00,1.00
2025-12-14T05:00:00Z,79.00,21.00,2.00,1.00,1.00
2025-12-14T06:00:00Z,78.46,20.81,2.00,1.00,1.00
2025-12-14T07:00:00Z,79.11,21.00,2.00,1.00,1.00
2025-12-14T08:00:00Z,80.00,21.00,2.00,1.00,1.00
2025-12-14T09:00:00Z,80.00,21.00,2.00,1.00,1.00
2025-12-14T10:00:00Z,80.00,20.90,2.00,1.00,1.00
2025-12-14T11:00:00Z,79.33,21.00,2.00,1.00,1.00
2025-12-14T12:00:00Z,80.00,21.00,2.00,1.00,1.00
2025-12-14T13:00:00Z,79.10,20.69,2.00,1.00,1.00
2025-12-14T14:00:00Z,80.00,21.00,2.00,1.00,1.00
2025-12-14T15:00:00Z,80.00,20.48,2.00,1.00,1.00
2025-12-14T16:00:00Z,79.07,20.44,2.00,1.00,1.00
2025-12-14T17:00:00Z,78.32,21.00,2.00,1.00,1.00
2025-12-14T18:00:00Z,79.23,20.99,2.00,1.00,1.00
2025-12-14T19:00:00Z,78.70,21.00,2.00,1.00,1.00
2025-12-14T20:00:00Z,79.00,20.95,2.00,1.00,1.00
2025-12-14T21:00:00Z,78.95,21.00,2.00,1.00,1.00
2025-12-14T22:00:00Z,78.76,21.00,2.00,1.00,1.00
2025-12-14T23:00:00Z,78.97,20.93,2.00,1.00,1.00
2025-12-15T00:00:00Z,78.90,20.58,2.00,1.00,1.00
2025-12-15T01:00:00Z,78.02,20.99,2.00,1.00,1.00
2025-12-15T02:00:00Z,79.01,21.00,2.00,1.00,1.00
2025-12-15T03:00:00Z,79.14,20.82,2.00,1.00,1.00
2025-12-15T04:00:00Z,79.01,20.92,2.00,1.00,1.00
2025-12-15T05:00:00Z,79.33,21.00,2.00,1.00,1.00
2025-12-15T06:00:00Z,79.99,20.96,1.50,1.00,1.00
2025-12-15T07:00:00Z,78.98,20.78,1.50,1.00,1.00
2025-12-15T08:00:00Z,79.09,20.99,1.50,1.00,1.00
2025-12-15T09:00:00Z,80.00,20.50,1.00,1.00,1.00
2025-12-15T10:00:00Z,80.00,21.00,2.00,1.00,1.00
2025-12-15T11:00:00Z,78.00,21.00,2.00,1.00,1.00
2025-12-15T12:00:00Z,79.88,20.66,1.09,1.00,1.00
2025-12-15T13:00:00Z,79.12,21.21,1.09,1.00,1.00
2025-12-15T14:00:00Z,78.02,22.00,1.09,1.00,1.00
2025-12-15T15:00:00Z,79.00,21.20,2.00,1.00,1.00
2025-12-15T16:00:00Z,78.36,22.34,2.00,1.00,1.00
2025-12-15T17:00:00Z,78.85,21.92,2.00,1.00,1.00
2025-12-15T18:00:00Z,78.87,22.00,2.00,1.00,1.00
2025-12-15T19:00:00Z,79.00,22.07,1.16,1.00,1.00
2025-12-15T20:00:00Z,78.78,22.78,1.16,1.00,1.00
2025-12-15T21:00:00Z,79.00,22.95,1.00,1.00,1.00
2025-12-15T22:00:00Z,78.83,22.97,1.00,1.00,1.00
2025-12-15T23:00:00Z,78.91,23.00,1.00,1.00,1.00
2025-12-16T00:00:00Z,78.02,22.76,1.00,1.00,1.00
2025-12-16T01:00:00Z,78.86,22.70,1.00,1.00,1.00
2025-12-16T02:00:00Z,79.00,22.67,1.00,1.00,1.00
2025-12-16T03:00:00Z,79.06,21.94,1.00,1.00,1.00
2025-12-16T04:00:00Z,78.24,21.99,1.00,1.00,1.00
2025-12-16T05:00:00Z,78.97,21.91,1.00,1.00,1.00
2025-12-16T06:00:00Z,78.15,21.33,1.00,1.00,1.00
2025-12-16T07:00:00Z,78.04,21.80,1.00,1.00,1.00
2025-12-16T08:00:00Z,79.00,21.99,1.00,1.00,1.00
2025-12-16T09:00:00Z,78.00,22.00,1.00,1.00,1.00
2025-12-16T10:00:00Z,79.00,22.00,1.00,1.00,1.00
2025-12-16T11:00:00Z,78.54,21.50,1.00,1.00,1.00
2025-12-16T12:00:00Z,78.48,22.00,1.00,1.00,1.00
2025-12-16T13:00:00Z,78.82,21.68,1.00,1.00,1.00
2025-12-16T14:00:00Z,75.48,23.81,1.00,1.00,1.00
2025-12-16T15:00:00Z,76.16,23.77,1.00,1.00,1.00
2025-12-16T16:00:00Z,76.50,23.98,2.00,1.00,1.00
2025-12-16T17:00:00Z,76.96,23.86,2.00,1.00,1.00
2025-12-16T18:00:00Z,76.85,23.99,2.00,1.00,1.00
2025-12-16T19:00:00Z,76.16,23.04,2.00,1.00,1.00
2025-12-16T20:00:00Z,76.98,23.49,2.00,1.00,1.00
2025-12-16T21:00:00Z,76.88,22.92,2.00,1.00,1.00
2025-12-16T22:00:00Z,76.93,22.75,2.00,1.00,1.00
2025-12-16T23:00:00Z,76.98,22.98,2.00,1.00,1.00
2025-12-17T00:00:00Z,76.01,22.97,2.00,1.00,1.00
2025-12-17T01:00:00Z,75.02,22.67,2.00,1.00,1.00
2025-12-17T02:00:00Z,76.19,22.92,2.00,1.00,1.00
2025-12-17T03:00:00Z,76.89,23.00,2.00,1.00,1.00
2025-12-17T04:00:00Z,77.00,23.00,2.00,1.00,1.00
2025-12-17T05:00:00Z,76.43,23.00,2.00,1.00,1.00
2025-12-17T06:00:00Z,76.86,23.99,2.00,1.00,1.00
2025-12-17T07:00:00Z,77.00,22.81,2.00,1.00,1.00
2025-12-17T08:00:00Z,77.00,22.72,2.00,1.00,1.00
2025-12-17T09:00:00Z,77.00,22.13,2.00,1.00,1.00
2025-12-17T10:00:00Z,77.00,23.00,2.00,1.00,1.00
2025-12-17T11:00:00Z,76.27,23.00,2.00,1.00,1.00
2025-12-17T12:00:00Z,76.54,22.58,2.00,1.00,1.00
2025-12-17T13:00:00Z,77.12,22.07,2.00,1.00,1.00
2025-12-17T14:00:00Z,77.49,22.58,1.53,1.00,1.00
2025-12-17T15:00:00Z,77.36,22.35,2.00,1.00,1.00
2025-12-17T16:00:00Z,77.83,21.87,2.00,1.00,1.00
2025-12-17T17:00:00Z,77.82,22.53,2.00,1.00,1.00
2025-12-17T18:00:00Z,77.68,23.00,2.00,1.00,1.00
2025-12-17T19:00:00Z,78.00,22.80,2.00,1.00,1.00
2025-12-17T20:00:00Z,77.83,21.94,2.00,1.00,1.00
2025-12-17T21:00:00Z,78.00,21.97,2.00,1.00,1.00
2025-12-17T22:00:00Z,77.67,22.00,2.00,1.00,1.00
2025-12-17T23:00:00Z,78.00,21.50,2.00,1.00,1.00
2025-12-18T00:00:00Z,77.16,21.99,2.00,1.00,1.00
2025-12-18T01:00:00Z,78.00,22.02,2.00,1.00,1.00
2025-12-18T02:00:00Z,77.72,23.00,2.00,1.00,1.00
2025-12-18T03:00:00Z,77.97,23.00,2.00,1.00,1.00
2025-12-18T04:00:00Z,77.83,22.81,1.90,1.00,1.00
2025-12-18T05:00:00Z,77.11,23.00,2.00,1.00,1.00
2025-12-18T06:00:00Z,77.97,23.00,2.00,1.00,1.00
2025-12-18T07:00:00Z,77.51,22.98,2.00,1.00,1.00
2025-12-18T08:00:00Z,78.00,22.92,2.00,1.00,1.00
2025-12-18T11:00:00Z,77.63,22.92,2.00,1.00,1.00
2025-12-18T12:00:00Z,78.00,23.00,2.00,1.00,1.00
2025-12-18T13:00:00Z,78.00,24.00,2.00,1.00,1.00
2025-12-18T14:00:00Z,74.45,28.55,2.00,1.00,1.00
2025-12-18T15:00:00Z,71.09,27.46,2.00,1.00,1.00
2025-12-18T16:00:00Z,72.67,27.92,2.00,1.00,1.00
2025-12-18T17:00:00Z,71.91,27.89,2.00,1.00,1.00
2025-12-18T18:00:00Z,71.83,27.85,2.00,1.00,1.00
2025-12-18T19:00:00Z,72.96,26.37,2.00,1.00,1.00
2025-12-18T20:00:00Z,74.32,24.84,2.00,1.00,1.00
2025-12-18T21:00:00Z,74.58,24.15,2.00,1.00,1.00
2025-12-18T22:00:00Z,74.84,24.99,2.00,1.00,1.00
2025-12-18T23:00:00Z,74.09,24.93,2.00,1.00,1.00
2025-12-19T00:00:00Z,74.28,24.55,2.00,1.00,1.00
2025-12-19T01:00:00Z,75.00,24.70,2.00,1.00,1.00
2025-12-19T02:00:00Z,74.59,24.71,2.00,1.00,1.00
2025-12-19T03:00:00Z,74.94,24.69,2.00,1.00,1.00
2025-12-19T04:00:00Z,74.45,26.58,2.00,1.00,1.00
2025-12-19T05:00:00Z,74.71,24.12,2.00,1.00,1.00
2025-12-19T06:00:00Z,73.17,26.00,2.00,1.00,1.00
2025-12-19T07:00:00Z,75.00,26.04,2.00,1.00,1.00
2025-12-19T08:00:00Z,74.99,27.00,2.00,1.00,1.00
2025-12-19T09:00:00Z,74.99,27.00,2.00,1.00,1.00
2025-12-19T10:00:00Z,74.99,26.00,2.00,1.00,1.00
2025-12-19T11:00:00Z,73.01,25.72,2.00,1.00,1.00
2025-12-19T12:00:00Z,75.00,26.00,1.50,1.00,1.00
2025-12-19T13:00:00Z,75.54,26.00,1.50,1.00,1.00
2025-12-19T14:00:00Z,75.31,24.85,2.00,1.00,1.00
2025-12-19T15:00:00Z,76.11,21.84,1.54,1.00,1.00
2025-12-19T16:00:00Z,77.57,22.00,1.05,1.00,1.00
2025-12-19T17:00:00Z,77.99,21.27,2.00,1.00,1.00
2025-12-19T18:00:00Z,79.13,20.98,2.00,1.00,1.00
2025-12-19T19:00:00Z,78.21,20.86,2.00,1.00,1.00
2025-12-19T20:00:00Z,79.00,20.92,2.00,1.00,1.00
2025-12-19T21:00:00Z,78.01,20.94,2.00,1.00,1.00
2025-12-19T22:00:00Z,78.64,20.96,1.06,1.00,1.00
2025-12-19T23:00:00Z,77.55,21.38,2.00,1.00,1.00
2025-12-20T00:00:00Z,77.96,21.89,2.00,1.00,1.00
2025-12-20T01:00:00Z,78.00,21.07,2.00,1.00,1.00
2025-12-20T02:00:00Z,78.00,21.91,2.00,1.00,1.00
2025-12-20T03:00:00Z,76.99,21.72,2.00,1.00,1.00
2025-12-20T04:00:00Z,77.64,21.69,2.00,1.00,1.00
2025-12-20T05:00:00Z,78.00,21.99,2.00,1.00,1.00
2025-12-20T06:00:00Z,77.84,21.37,2.00,1.00,1.00
2025-12-20T07:00:00Z,78.68,23.00,2.00,1.00,1.00
2025-12-20T08:00:00Z,79.29,21.44,2.00,1.00,1.00
2025-12-20T09:00:00Z,79.04,21.00,2.00,1.00,1.00
2025-12-20T11:00:00Z,80.00,21.00,2.00,1.00,1.00
2025-12-20T12:00:00Z,80.26,21.00,2.00,1.00,1.00
2025-12-20T13:00:00Z,80.00,21.00,2.00,1.00,1.00
2025-12-20T14:00:00Z,79.37,20.96,2.00,1.00,1.00
2025-12-20T15:00:00Z,80.00,20.85,2.00,1.00,1.00
2025-12-20T16:00:00Z,79.92,20.46,2.00,1.00,1.00
2025-12-20T17:00:00Z,80.00,20.99,2.00,1.00,1.00
2025-12-20T18:00:00Z,80.00,20.97,2.00,1.00,1.00
2025-12-20T19:00:00Z,80.00,20.01,2.00,1.00,1.00
2025-12-20T20:00:00Z,78.43,20.00,2.00,1.00,1.00
2025-12-20T21:00:00Z,79.95,19.85,2.00,1.00,1.00
2025-12-20T22:00:00Z,80.00,19.99,2.00,1.00,1.00
2025-12-20T23:00:00Z,80.00,19.77,2.00,1.00,1.00
2025-12-21T00:00:00Z,79.25,19.83,2.00,1.00,1.00
2025-12-21T01:00:00Z,79.79,19.77,2.00,1.00,1.00
2025-12-21T02:00:00Z,79.60,19.94,2.00,1.00,1.00
2025-12-21T03:00:00Z,79.97,20.00,2.00,1.00,1.00
2025-12-21T04:00:00Z,79.20,19.79,2.00,1.00,1.00
2025-12-21T05:00:00Z,78.99,19.97,2.00,1.00,1.00
2025-12-21T06:00:00Z,80.00,19.96,2.00,1.00,1.00
2025-12-21T07:00:00Z,79.30,19.77,2.00,1.00,1.00
2025-12-21T08:00:00Z,80.51,19.65,2.00,1.00,1.00
2025-12-21T09:00:00Z,79.21,20.00,2.00,1.00,1.00
2025-12-21T10:00:00Z,81.00,20.00,2.00,1.00,1.00
2025-12-21T11:00:00Z,81.00,20.00,2.00,1.00,1.00
2025-12-21T12:00:00Z,80.09,19.11,2.00,1.00,1.00
2025-12-21T13:00:00Z,81.00,19.03,2.00,1.00,1.00
2025-12-21T14:00:00Z,81.00,19.98,2.00,1.00,1.00
2025-12-21T15:00:00Z,80.22,19.99,2.00,1.00,1.00
2025-12-21T16:00:00Z,79.06,19.97,2.00,1.00,1.00
2025-12-21T17:00:00Z,79.24,19.99,2.00,1.00,1.00
2025-12-21T18:00:00Z,80.00,20.00,2.00,1.00,1.00
2025-12-21T19:00:00Z,79.99,20.00,2.00,1.00,1.00
2025-12-21T20:00:00Z,80.00,20.00,2.00,1.00,1.00
2025-12-21T21:00:00Z,79.48,20.00,2.00,1.00,1.00
2025-12-21T22:00:00Z,79.67,19.80,2.00,1.00,1.00
2025-12-21T23:00:00Z,80.00,19.55,2.00,1.00,1.00
2025-12-22T00:00:00Z,79.98,19.57,2.00,1.00,1.00
2025-12-22T01:00:00Z,81.00,20.00,2.00,1.00,1.00
2025-12-22T02:00:00Z,82.97,19.97,2.00,1.00,1.00
2025-12-22T03:00:00Z,81.95,20.00,2.00,1.00,1.00
2025-12-22T04:00:00Z,82.78,18.08,2.00,1.00,1.00
2025-12-22T05:00:00Z,81.80,18.46,2.00,1.00,1.00
2025-12-22T06:00:00Z,81.93,18.34,2.00,1.00,1.00
2025-12-22T07:00:00Z,82.00,19.00,2.00,1.00,1.00
2025-12-22T08:00:00Z,81.14,19.00,2.00,1.00,1.00
2025-12-22T09:00:00Z,81.89,18.78,2.00,1.00,1.00
2025-12-22T10:00:00Z,81.89,19.00,2.00,1.00,1.00
2025-12-22T11:00:00Z,81.00,19.00,2.00,1.00,1.00
2025-12-22T12:00:00Z,82.00,19.00,1.50,1.00,1.00
2025-12-22T13:00:00Z,81.92,18.98,1.50,1.00,1.00
2025-12-22T14:00:00Z,81.99,18.52,2.00,1.00,1.00
2025-12-22T15:00:00Z,81.68,17.74,2.00,1.00,1.00
2025-12-22T16:00:00Z,82.02,17.95,2.00,1.00,1.00
2025-12-22T17:00:00Z,82.81,18.00,2.00,1.00,1.00
2025-12-22T18:00:00Z,81.31,17.32,2.00,1.00,1.00
2025-12-22T19:00:00Z,82.13,17.95,2.00,1.00,1.00
2025-12-22T20:00:00Z,82.80,18.00,2.00,1.00,1.00
2025-12-22T21:00:00Z,82.99,17.66,2.00,1.00,1.00
2025-12-22T22:00:00Z,82.95,17.96,2.00,1.00,1.00
2025-12-22T23:00:00Z,82.01,18.00,2.00,1.00,1.00
2025-12-23T00:00:00Z,82.07,17.64,2.00,1.00,1.00
2025-12-23T01:00:00Z,83.00,16.91,2.00,1.00,1.00
2025-12-23T02:00:00Z,82.82,17.00,1.80,1.00,1.00
2025-12-23T03:00:00Z,83.00,16.81,1.80,1.00,1.00
2025-12-23T04:00:00Z,82.54,17.00,2.00,1.00,1.00
2025-12-23T05:00:00Z,82.96,17.00,2.00,1.00,1.00
2025-12-23T06:00:00Z,82.64,17.00,2.00,1.00,1.00
2025-12-23T07:00:00Z,82.83,16.87,2.00,1.00,1.00
2025-12-23T08:00:00Z,82.83,17.00,2.00,1.00,1.00
2025-12-23T09:00:00Z,82.83,16.00,2.00,1.00,1.00
2025-12-23T10:00:00Z,82.83,16.30,2.00,1.00,1.00
2025-12-23T11:00:00Z,82.83,17.00,2.00,1.00,1.00
2025-12-23T12:00:00Z,83.00,17.00,2.00,1.00,1.00
2025-12-23T13:00:00Z,82.45,16.91,2.00,1.00,1.00
2025-12-23T14:00:00Z,83.09,15.79,2.00,1.00,1.00
2025-12-23T15:00:00Z,86.95,13.24,2.00,1.00,1.00
2025-12-23T16:00:00Z,87.99,12.16,2.00,1.00,1.00
2025-12-23T17:00:00Z,87.99,12.99,2.00,1.00,1.00
2025-12-23T18:00:00Z,87.06,12.94,2.00,1.00,1.00
2025-12-23T19:00:00Z,88.00,12.85,2.00,1.00,1.00
2025-12-23T20:00:00Z,87.06,12.95,2.00,1.00,1.00
2025-12-23T21:00:00Z,87.11,13.00,2.00,1.00,1.00
2025-12-23T22:00:00Z,87.81,13.00,2.00,1.00,1.00
2025-12-23T23:00:00Z,87.78,13.00,2.00,1.00,1.00
2025-12-24T00:00:00Z,87.40,12.66,2.00,1.00,1.00
2025-12-24T01:00:00Z,87.99,13.00,2.00,1.00,1.00
2025-12-24T02:00:00Z,87.83,12.99,2.00,1.00,1.00
2025-12-24T03:00:00Z,88.00,13.00,2.00,1.00,1.00
2025-12-24T04:00:00Z,87.21,12.45,2.00,1.00,1.00
2025-12-24T05:00:00Z,86.99,12.99,2.00,1.00,1.00
2025-12-24T06:00:00Z,86.02,13.00,2.00,1.00,1.00
2025-12-24T07:00:00Z,86.00,13.00,2.00,1.00,1.00
2025-12-24T08:00:00Z,87.00,13.00,2.00,1.00,1.00
2025-12-24T09:00:00Z,86.93,13.00,2.00,1.00,1.00
2025-12-24T10:00:00Z,86.93,13.00,2.00,1.00,1.00
2025-12-24T11:00:00Z,86.93,13.00,2.00,1.00,1.00
2025-12-24T12:00:00Z,86.93,13.00,1.72,1.00,1.00
2025-12-24T13:00:00Z,86.88,12.74,2.00,1.00,1.00
2025-12-24T14:00:00Z,86.99,12.34,2.00,1.00,1.00
2025-12-24T15:00:00Z,87.09,11.99,2.00,1.00,1.00
2025-12-24T16:00:00Z,87.97,11.96,2.00,1.00,1.00
2025-12-24T17:00:00Z,87.99,11.99,2.00,1.00,1.00
2025-12-24T18:00:00Z,87.00,12.00,2.00,1.00,1.00
2025-12-24T19:00:00Z,87.64,12.00,2.00,1.00,1.00
2025-12-24T20:00:00Z,87.97,11.98,2.00,1.00,1.00
2025-12-24T21:00:00Z,87.94,12.00,2.00,1.00,1.00
2025-12-24T22:00:00Z,88.00,11.75,1.75,1.00,1.00
2025-12-24T23:00:00Z,87.77,11.98,2.00,1.00,1.00
2025-12-25T00:00:00Z,88.00,12.00,2.00,1.00,1.00
2025-12-25T01:00:00Z,88.00,11.93,2.00,1.00,1.00
2025-12-25T02:00:00Z,87.70,11.51,2.00,1.00,1.00
2025-12-25T03:00:00Z,87.57,12.00,2.00,1.00,1.00
2025-12-25T04:00:00Z,87.01,12.00,2.00,1.00,1.00
2025-12-25T05:00:00Z,87.00,12.00,2.00,1.00,1.00
2025-12-25T06:00:00Z,88.00,12.00,2.00,1.00,1.00
2025-12-25T07:00:00Z,87.00,12.00,2.00,1.00,1.00
2025-12-25T08:00:00Z,87.00,11.95,2.00,1.00,1.00
2025-12-25T11:00:00Z,87.50,11.95,2.00,1.00,1.00
2025-12-25T12:00:00Z,88.00,12.00,2.00,1.00,1.00
2025-12-25T13:00:00Z,88.00,12.00,2.00,1.00,1.00
2025-12-25T14:00:00Z,88.00,12.00,1.50,1.00,1.00
2025-12-25T15:00:00Z,87.00,11.78,2.00,1.00,1.00
2025-12-25T16:00:00Z,87.00,11.97,2.00,1.00,1.00
2025-12-25T17:00:00Z,88.00,12.00,2.00,1.00,1.00
2025-12-25T18:00:00Z,88.00,12.00,2.00,1.00,1.00
2025-12-25T19:00:00Z,87.97,12.00,2.00,1.00,1.00
2025-12-25T20:00:00Z,87.53,11.98,2.00,1.00,1.00
2025-12-25T21:00:00Z,88.00,11.34,2.00,1.00,1.00
2025-12-25T22:00:00Z,87.96,12.00,2.00,1.00,1.00
2025-12-25T23:00:00Z,88.00,11.41,2.00,1.00,1.00
2025-12-26T00:00:00Z,87.99,12.00,2.00,1.00,1.00
2025-12-26T01:00:00Z,87.00,11.89,2.00,1.00,1.00
2025-12-26T02:00:00Z,88.00,12.00,2.00,1.00,1.00
2025-12-26T03:00:00Z,87.32,12.61,2.00,1.00,1.00
2025-12-26T04:00:00Z,87.17,12.99,2.00,1.00,1.00
2025-12-26T05:00:00Z,87.07,13.00,2.00,1.00,1.00
2025-12-26T06:00:00Z,86.95,12.77,1.00,1.00,1.00
2025-12-26T07:00:00Z,87.00,13.00,1.00,1.00,1.00
2025-12-26T08:00:00Z,87.00,13.00,2.00,1.00,1.00
2025-12-26T09:00:00Z,87.00,13.00,2.00,1.00,1.00
2025-12-26T10:00:00Z,86.00,13.00,2.00,1.00,1.00
2025-12-26T11:00:00Z,86.00,13.00,2.00,1.00,1.00
2025-12-26T12:00:00Z,87.40,12.66,2.00,1.00,1.00
2025-12-26T13:00:00Z,87.54,13.00,2.00,1.00,1.00
2025-12-26T14:00:00Z,84.94,14.49,1.00,1.00,1.00
2025-12-26T15:00:00Z,83.05,15.99,2.00,1.00,1.00
2025-12-26T16:00:00Z,83.75,16.00,2.00,1.00,1.00
2025-12-26T17:00:00Z,85.00,15.04,2.00,1.00,1.00
2025-12-26T18:00:00Z,86.47,14.99,2.00,1.00,1.00
2025-12-26T19:00:00Z,85.97,14.44,2.00,1.00,1.00
2025-12-26T20:00:00Z,85.99,14.63,2.00,1.00,1.00
2025-12-26T21:00:00Z,84.07,15.13,2.00,1.00,1.00
2025-12-26T22:00:00Z,84.91,15.63,2.00,1.00,1.00
2025-12-26T23:00:00Z,84.99,14.67,2.00,1.00,1.00
2025-12-27T00:00:00Z,84.99,15.00,2.00,1.00,1.00
2025-12-27T01:00:00Z,85.00,14.62,2.00,1.00,1.00
2025-12-27T02:00:00Z,85.08,15.00,1.00,1.00,1.00
2025-12-27T03:00:00Z,85.05,14.00,2.00,1.00,1.00
2025-12-27T04:00:00Z,85.59,13.96,2.00,1.00,1.00
2025-12-27T05:00:00Z,85.59,13.94,2.00,1.00,1.00
2025-12-27T06:00:00Z,86.00,14.57,2.00,1.00,1.00
2025-12-27T07:00:00Z,84.00,16.95,2.00,1.00,1.00
2025-12-27T08:00:00Z,86.00,17.00,2.00,1.00,1.00
2025-12-27T09:00:00Z,84.00,16.54,2.00,1.00,1.00
2025-12-27T10:00:00Z,84.00,16.71,2.00,1.00,1.00
2025-12-27T11:00:00Z,83.38,16.71,2.00,1.00,1.00
2025-12-27T12:00:00Z,83.38,17.95,2.00,1.00,1.00
2025-12-27T13:00:00Z,85.00,16.76,2.00,1.00,1.00
2025-12-27T14:00:00Z,85.02,16.45,2.00,1.00,1.00
2025-12-27T15:00:00Z,85.53,14.20,2.00,1.00,1.00
2025-12-27T16:00:00Z,85.37,15.98,1.03,1.00,1.00
2025-12-27T17:00:00Z,85.66,15.40,1.03,1.00,1.00
2025-12-27T18:00:00Z,86.00,15.72,1.03,1.00,1.00
2025-12-27T19:00:00Z,85.86,15.00,2.00,1.00,1.00
2025-12-27T20:00:00Z,86.00,15.00,2.00,1.00,1.00
2025-12-27T21:00:00Z,85.84,14.32,2.00,1.00,1.00
2025-12-27T22:00:00Z,86.00,14.99,2.00,1.00,1.00
2025-12-27T23:00:00Z,86.00,14.99,2.00,1.00,1.00
2025-12-28T00:00:00Z,86.00,15.00,2.00,1.00,1.00
2025-12-28T01:00:00Z,86.00,12.15,2.00,1.00,1.00
2025-12-28T02:00:00Z,86.00,12.63,2.00,1.00,1.00
2025-12-28T03:00:00Z,85.52,13.05,2.00,1.00,1.00
2025-12-28T04:00:00Z,85.01,13.87,2.00,1.00,1.00
2025-12-28T05:00:00Z,85.06,14.00,2.00,1.00,1.00
2025-12-28T06:00:00Z,85.05,13.85,2.00,1.00,1.00
2025-12-28T07:00:00Z,85.11,13.66,2.00,1.00,1.00
2025-12-28T08:00:00Z,85.16,12.34,2.00,1.00,1.00
2025-12-28T09:00:00Z,86.00,14.00,2.00,1.00,1.00
2025-12-28T10:00:00Z,86.00,14.00,2.00,1.00,1.00
2025-12-28T11:00:00Z,86.00,14.00,2.00,1.00,1.00
2025-12-28T12:00:00Z,86.00,14.00,2.00,1.00,1.00
2025-12-28T13:00:00Z,86.00,14.00,2.00,1.00,1.00
2025-12-28T14:00:00Z,85.05,12.80,2.00,1.00,1.00
2025-12-28T15:00:00Z,86.00,14.00,2.00,1.00,1.00
2025-12-28T16:00:00Z,86.00,14.07,2.00,1.00,1.00
2025-12-28T17:00:00Z,85.96,13.43,2.00,1.00,1.00
2025-12-28T18:00:00Z,86.59,14.00,2.00,1.00,1.00
2025-12-28T19:00:00Z,88.28,13.00,1.24,1.00,1.00
2025-12-28T20:00:00Z,88.00,12.85,2.00,1.00,1.00
2025-12-28T21:00:00Z,88.00,13.00,2.00,1.00,1.00
2025-12-28T22:00:00Z,88.00,12.89,2.00,1.00,1.00
2025-12-28T23:00:00Z,87.98,12.51,2.00,1.00,1.00
2025-12-29T00:00:00Z,87.99,12.00,2.00,1.00,1.00
2025-12-29T01:00:00Z,87.02,12.30,2.00,1.00,1.00
2025-12-29T02:00:00Z,87.52,12.97,2.00,1.00,1.00
2025-12-29T03:00:00Z,87.32,13.00,2.00,1.00,1.00
2025-12-29T04:00:00Z,87.52,12.95,1.85,1.00,1.00
2025-12-29T05:00:00Z,87.95,12.52,2.00,1.00,1.00
2025-12-29T06:00:00Z,87.80,11.90,2.00,1.00,1.00
2025-12-29T07:00:00Z,87.98,12.00,2.00,1.00,1.00
2025-12-29T08:00:00Z,87.49,12.00,2.00,1.00,1.00
2025-12-29T09:00:00Z,87.72,11.50,2.00,1.00,1.00
2025-12-29T10:00:00Z,87.33,12.00,2.00,1.00,1.00
2025-12-29T11:00:00Z,88.00,12.00,2.00,1.00,1.00
2025-12-29T12:00:00Z,88.00,12.00,1.50,1.00,1.00
2025-12-29T13:00:00Z,87.90,11.54,1.50,1.00,1.00
2025-12-29T14:00:00Z,86.74,11.47,2.00,1.00,1.00
2025-12-29T15:00:00Z,88.30,12.71,1.11,1.00,1.00
2025-12-29T16:00:00Z,85.12,13.95,2.00,1.00,1.00
2025-12-29T17:00:00Z,84.40,14.67,2.00,1.00,1.00
2025-12-29T18:00:00Z,85.90,14.90,2.00,1.00,1.00
2025-12-29T19:00:00Z,85.99,13.81,2.00,1.00,1.00
2025-12-29T20:00:00Z,85.00,13.89,2.00,1.00,1.00
2025-12-29T21:00:00Z,85.97,14.00,2.00,1.00,1.00
2025-12-29T22:00:00Z,85.20,14.00,2.00,1.00,1.00
2025-12-29T23:00:00Z,85.08,14.00,2.00,1.00,1.00
2025-12-30T00:00:00Z,85.67,13.90,2.00,1.00,1.00
2025-12-30T01:00:00Z,85.51,14.00,2.00,1.00,1.00
2025-12-30T02:00:00Z,86.92,14.00,2.00,1.00,1.00
2025-12-30T03:00:00Z,86.89,13.82,2.00,1.00,1.00
2025-12-30T04:00:00Z,86.98,13.87,2.00,1.00,1.00
2025-12-30T05:00:00Z,87.00,14.00,1.98,1.00,1.00
2025-12-30T06:00:00Z,87.00,14.00,2.00,1.00,1.00
2025-12-30T07:00:00Z,86.91,13.00,2.00,1.00,1.00
2025-12-30T08:00:00Z,86.07,14.12,2.00,1.00,1.00
2025-12-30T09:00:00Z,87.00,15.00,2.00,1.00,1.00
2025-12-30T10:00:00Z,86.14,14.92,2.00,1.00,1.00
2025-12-30T11:00:00Z,86.14,13.00,1.50,1.00,1.00
2025-12-30T12:00:00Z,86.00,14.75,1.50,1.00,1.00
2025-12-30T13:00:00Z,85.58,14.76,2.00,1.00,1.00
2025-12-30T14:00:00Z,85.21,14.86,2.00,1.00,1.00
2025-12-30T15:00:00Z,85.54,14.50,2.00,1.00,1.00
2025-12-30T16:00:00Z,84.41,14.86,2.00,1.00,1.00
2025-12-30T17:00:00Z,85.54,14.99,2.00,1.00,1.00
2025-12-30T18:00:00Z,85.23,14.98,2.00,1.00,1.00
2025-12-30T19:00:00Z,85.29,14.98,2.00,1.00,1.00
2025-12-30T20:00:00Z,84.90,15.28,1.99,1.00,1.00
2025-12-30T21:00:00Z,84.89,15.93,1.98,1.00,1.00
2025-12-30T22:00:00Z,85.58,14.89,2.00,1.00,1.00
2025-12-30T23:00:00Z,87.63,13.80,1.69,1.00,1.00
2025-12-31T00:00:00Z,86.29,13.34,2.00,1.00,1.00
2025-12-31T01:00:00Z,87.50,12.90,2.00,1.00,1.00
2025-12-31T02:00:00Z,86.14,13.53,2.00,1.00,1.00
2025-12-31T03:00:00Z,86.62,13.91,2.00,1.00,1.00
2025-12-31T04:00:00Z,86.67,13.99,2.00,1.00,1.00
2025-12-31T05:00:00Z,86.05,14.53,2.00,1.00,1.00
2025-12-31T06:00:00Z,86.71,14.10,2.00,1.00,1.00
2025-12-31T07:00:00Z,87.00,15.15,2.00,1.00,1.00
2025-12-31T08:00:00Z,85.72,15.29,2.00,1.00,1.00
2025-12-31T09:00:00Z,87.29,14.93,2.00,1.00,1.00
2025-12-31T10:00:00Z,85.91,15.95,2.00,1.00,1.00
2025-12-31T11:00:00Z,85.39,15.19,2.00,1.00,1.00
2025-12-31T12:00:00Z,85.73,14.90,2.00,1.00,1.00
2025-12-31T13:00:00Z,86.77,15.81,2.00,1.00,1.00
2025-12-31T14:00:00Z,86.15,14.14,2.00,1.00,1.00
2025-12-31T15:00:00Z,87.66,12.98,2.00,1.00,1.00
2025-12-31T16:00:00Z,86.99,13.18,2.00,1.00,1.00
2025-12-31T17:00:00Z,86.12,13.73,2.00,1.00,1.00
2025-12-31T18:00:00Z,86.96,12.97,2.00,1.00,1.00
2025-12-31T19:00:00Z,86.42,13.26,2.00,1.00,1.00
2025-12-31T20:00:00Z,86.46,13.94,2.00,1.00,1.00
2025-12-31T21:00:00Z,86.81,13.83,2.00,1.00,1.00
2025-12-31T22:00:00Z,86.89,12.61,2.00,1.00,1.00
2025-12-31T23:00:00Z,86.95,13.23,2.00,1.00,1.00
2026-01-01T00:00:00Z,86.81,13.18,2.00,1.00,1.00
2026-01-01T01:00:00Z,87.68,13.64,2.00,1.00,1.00
2026-01-01T02:00:00Z,86.60,12.84,2.00,1.00,1.00
2026-01-01T03:00:00Z,86.14,14.01,2.00,1.00,1.00
2026-01-01T04:00:00Z,85.86,13.76,2.00,1.00,1.00
2026-01-01T05:00:00Z,86.97,13.76,2.00,1.00,1.00
2026-01-01T06:00:00Z,86.38,12.99,2.00,1.00,1.00
2026-01-01T07:00:00Z,87.90,13.00,1.91,1.00,1.00
2026-01-01T08:00:00Z,86.41,13.00,2.00,1.00,1.00
2026-01-01T11:00:00Z,87.97,13.00,2.00,1.00,1.00
2026-01-01T12:00:00Z,87.97,13.00,2.00,1.00,1.00
2026-01-01T13:00:00Z,87.98,12.89,1.88,1.00,1.00
2026-01-01T14:00:00Z,88.75,13.00,2.00,1.00,1.00
2026-01-01T15:00:00Z,89.53,12.81,1.99,1.00,1.00
2026-01-01T16:00:00Z,89.99,11.83,1.96,1.00,1.00
2026-01-01T17:00:00Z,90.10,11.80,1.63,1.00,1.00
2026-01-01T18:00:00Z,88.94,10.99,2.00,1.00,1.00
2026-01-01T19:00:00Z,89.15,12.00,2.00,1.00,1.00
2026-01-01T20:00:00Z,87.95,11.97,2.00,1.00,1.00
2026-01-01T21:00:00Z,89.66,11.97,2.00,1.00,1.00
2026-01-01T22:00:00Z,89.92,11.98,1.05,1.00,1.00
2026-01-01T23:00:00Z,89.83,11.86,1.81,1.00,1.00
2026-01-02T00:00:00Z,89.51,11.81,2.00,1.00,1.00
2026-01-02T01:00:00Z,89.01,12.00,1.76,1.00,1.00
2026-01-02T02:00:00Z,89.91,11.98,1.91,1.00,1.00
2026-01-02T03:00:00Z,89.88,11.79,2.00,1.00,1.00
2026-01-02T04:00:00Z,89.99,11.95,1.06,1.00,1.00
2026-01-02T05:00:00Z,89.61,11.68,2.00,1.00,1.00
2026-01-02T06:00:00Z,89.65,11.99,2.00,1.00,1.00
2026-01-02T07:00:00Z,89.90,11.44,2.00,1.00,1.00
2026-01-02T08:00:00Z,89.18,12.00,2.00,1.00,1.00
2026-01-02T09:00:00Z,89.99,12.00,2.00,1.00,1.00
2026-01-02T10:00:00Z,89.00,12.00,2.00,1.00,1.00
2026-01-02T11:00:00Z,89.41,12.00,1.05,1.00,1.00
2026-01-02T12:00:00Z,90.00,11.77,2.00,1.00,1.00
2026-01-02T13:00:00Z,89.04,11.25,1.00,1.00,1.00
2026-01-02T14:00:00Z,89.74,10.69,1.76,1.00,1.00
2026-01-02T15:00:00Z,89.98,10.67,2.00,1.00,1.00
2026-01-02T16:00:00Z,89.30,10.42,2.00,1.00,1.00
2026-01-02T17:00:00Z,89.99,10.27,1.00,1.00,1.00
2026-01-02T18:00:00Z,89.18,11.00,1.51,1.00,1.00
2026-01-02T19:00:00Z,89.90,10.94,1.95,1.00,1.00
2026-01-02T20:00:00Z,89.72,10.43,1.91,1.00,1.00
2026-01-02T21:00:00Z,89.99,10.96,1.74,1.00,1.00
2026-01-02T22:00:00Z,89.99,10.95,1.90,1.00,1.00
2026-01-02T23:00:00Z,89.03,10.97,2.00,1.00,1.00
2026-01-03T00:00:00Z,88.91,10.91,2.00,1.00,1.00
2026-01-03T01:00:00Z,89.00,10.33,2.00,1.00,1.00
2026-01-03T02:00:00Z,88.99,10.85,1.71,1.00,1.00
2026-01-03T03:00:00Z,89.00,11.27,2.00,1.00,1.00
2026-01-03T04:00:00Z,88.99,11.95,2.00,1.00,1.00
2026-01-03T05:00:00Z,88.63,11.98,2.00,1.00,1.00
2026-01-03T06:00:00Z,88.96,11.97,2.00,1.00,1.00
2026-01-03T07:00:00Z,88.96,12.00,2.00,1.00,1.00
2026-01-03T08:00:00Z,88.15,12.00,2.00,1.00,1.00
2026-01-03T09:00:00Z,88.45,10.57,2.00,1.00,1.00
2026-01-03T10:00:00Z,88.11,12.00,2.00,1.00,1.00
2026-01-03T11:00:00Z,88.92,12.00,2.00,1.00,1.00
2026-01-03T12:00:00Z,88.63,12.00,2.00,1.00,1.00
2026-01-03T13:00:00Z,88.02,11.78,1.98,1.00,1.00
2026-01-03T14:00:00Z,88.99,12.00,2.00,1.00,1.00
2026-01-03T15:00:00Z,89.00,11.55,2.00,1.00,1.00
2026-01-03T16:00:00Z,89.96,11.99,1.98,1.00,1.00
2026-01-03T17:00:00Z,89.13,11.86,1.98,1.00,1.00
2026-01-03T18:00:00Z,89.24,11.14,1.06,1.00,1.00
2026-01-03T19:00:00Z,90.00,10.92,1.91,1.00,1.00
2026-01-03T20:00:00Z,89.89,11.71,1.96,1.00,1.00
2026-01-03T21:00:00Z,89.34,11.82,1.45,1.00,1.00
2026-01-03T22:00:00Z,88.81,10.32,1.48,1.00,1.00
2026-01-03T23:00:00Z,88.90,10.82,2.00,1.00,1.00
2026-01-04T00:00:00Z,89.84,10.93,1.63,1.00,1.00
2026-01-04T01:00:00Z,89.61,10.98,1.98,1.00,1.00
2026-01-04T02:00:00Z,89.94,10.58,1.85,1.00,1.00
2026-01-04T03:00:00Z,89.15,10.88,2.00,1.00,1.00
2026-01-04T04:00:00Z,89.99,10.85,1.99,1.00,1.00
2026-01-04T05:00:00Z,89.91,10.79,2.00,1.00,1.00
2026-01-04T06:00:00Z,89.37,11.00,2.00,1.00,1.00
2026-01-04T07:00:00Z,90.00,11.00,2.00,1.00,1.00
2026-01-04T08:00:00Z,89.99,10.98,2.00,1.00,1.00
2026-01-04T09:00:00Z,89.07,11.00,2.00,1.00,1.00
2026-01-04T10:00:00Z,89.87,11.00,1.00,1.00,1.00
2026-01-04T11:00:00Z,89.36,10.97,1.15,1.00,1.00
2026-01-04T12:00:00Z,90.00,11.00,2.00,1.00,1.00
2026-01-04T13:00:00Z,89.79,10.02,1.00,1.00,1.00
2026-01-04T14:00:00Z,90.69,10.00,2.00,1.00,1.00
2026-01-04T15:00:00Z,90.59,10.00,1.92,1.00,1.00
2026-01-04T16:00:00Z,90.92,9.75,1.86,1.00,1.00
2026-01-04T17:00:00Z,90.94,10.00,1.77,1.00,1.00
2026-01-04T18:00:00Z,90.60,9.99,1.96,1.00,1.00
2026-01-04T19:00:00Z,90.94,9.88,1.50,1.00,1.00
2026-01-04T20:00:00Z,90.75,10.00,1.60,1.00,1.00
2026-01-04T21:00:00Z,90.44,9.98,1.95,1.00,1.00
2026-01-04T22:00:00Z,90.75,9.87,1.00,1.00,1.00
2026-01-04T23:00:00Z,90.65,9.97,1.17,1.00,1.00
2026-01-05T00:00:00Z,90.42,10.00,1.89,1.00,1.00
2026-01-05T01:00:00Z,90.02,9.42,2.00,1.00,1.00
2026-01-05T02:00:00Z,90.28,9.97,1.86,1.00,1.00
2026-01-05T03:00:00Z,90.62,9.91,1.18,1.00,1.00
2026-01-05T04:00:00Z,90.43,9.98,1.33,1.00,1.00
2026-01-05T05:00:00Z,90.07,9.96,2.00,1.00,1.00
2026-01-05T06:00:00Z,90.52,9.96,1.99,1.00,1.00
2026-01-05T07:00:00Z,89.83,10.85,1.98,1.00,1.00
2026-01-05T08:00:00Z,89.29,11.00,1.97,1.00,1.00
2026-01-05T09:00:00Z,89.21,11.00,2.00,1.00,1.00
2026-01-05T10:00:00Z,89.98,11.00,2.00,1.00,1.00
2026-01-05T11:00:00Z,89.09,11.96,1.88,1.00,1.00
2026-01-05T12:00:00Z,90.75,11.11,1.90,1.00,1.00
2026-01-05T13:00:00Z,90.28,10.94,2.00,1.00,1.00
2026-01-05T14:00:00Z,90.23,10.96,1.93,1.00,1.00
2026-01-05T15:00:00Z,89.04,10.96,1.99,1.00,1.00
2026-01-05T16:00:00Z,89.70,10.17,1.98,1.00,1.00
2026-01-05T17:00:00Z,89.21,9.99,1.99,1.00,1.00
2026-01-05T18:00:00Z,89.15,10.18,1.85,1.00,1.00
2026-01-05T19:00:00Z,89.16,10.95,2.00,1.00,1.00
2026-01-05T20:00:00Z,89.54,10.29,1.66,1.00,1.00
2026-01-05T21:00:00Z,89.33,10.12,1.97,1.00,1.00
2026-01-05T22:00:00Z,89.37,10.92,1.98,1.00,1.00
2026-01-05T23:00:00Z,89.42,10.98,1.94,1.00,1.00
2026-01-06T00:00:00Z,88.97,10.76,2.00,1.00,1.00
2026-01-06T01:00:00Z,89.55,10.69,2.00,1.00,1.00
2026-01-06T02:00:00Z,89.74,10.99,2.00,1.00,1.00
2026-01-06T03:00:00Z,89.95,10.68,2.00,1.00,1.00
2026-01-06T04:00:00Z,89.36,10.94,1.84,1.00,1.00
2026-01-06T05:00:00Z,89.53,10.58,2.00,1.00,1.00
2026-01-06T06:00:00Z,89.97,11.00,1.97,1.00,1.00
2026-01-06T07:00:00Z,89.96,11.00,2.00,1.00,1.00
2026-01-06T08:00:00Z,90.00,11.00,2.00,1.00,1.00
2026-01-06T09:00:00Z,89.08,11.00,1.37,1.00,1.00
2026-01-06T10:00:00Z,89.10,11.00,1.55,1.00,1.00
2026-01-06T11:00:00Z,89.91,11.00,1.00,1.00,1.00
2026-01-06T12:00:00Z,89.25,11.00,2.00,1.00,1.00
2026-01-06T13:00:00Z,89.04,10.83,1.09,1.00,1.00
2026-01-06T14:00:00Z,88.50,10.98,2.00,1.00,1.00
2026-01-06T15:00:00Z,88.86,10.97,1.87,1.00,1.00
2026-01-06T16:00:00Z,88.97,10.25,1.97,1.00,1.00
2026-01-06T17:00:00Z,89.04,10.99,1.99,1.00,1.00
2026-01-06T18:00:00Z,89.01,10.96,2.00,1.00,1.00
2026-01-06T19:00:00Z,89.17,9.52,1.03,1.00,1.00
2026-01-06T20:00:00Z,89.02,10.99,1.94,1.00,1.00
2026-01-06T21:00:00Z,88.67,10.39,1.98,1.00,1.00
2026-01-06T22:00:00Z,88.24,10.58,2.00,1.00,1.00
2026-01-06T23:00:00Z,89.00,10.99,1.87,1.00,1.00
2026-01-07T00:00:00Z,88.72,10.69,2.00,1.00,1.00
2026-01-07T01:00:00Z,88.86,10.97,2.00,1.00,1.00
2026-01-07T02:00:00Z,88.34,10.66,2.00,1.00,1.00
2026-01-07T03:00:00Z,88.43,10.94,2.00,1.00,1.00
2026-01-07T04:00:00Z,88.71,10.65,2.00,1.00,1.00
2026-01-07T05:00:00Z,88.55,10.87,2.00,1.00,1.00
2026-01-07T06:00:00Z,88.97,10.99,2.00,1.00,1.00
2026-01-07T07:00:00Z,89.00,11.00,2.00,1.00,1.00
2026-01-07T08:00:00Z,88.85,10.01,2.00,1.00,1.00
2026-01-07T09:00:00Z,88.24,10.96,2.00,1.00,1.00
2026-01-07T10:00:00Z,88.37,10.98,1.77,1.00,1.00
2026-01-07T11:00:00Z,89.00,11.25,2.00,1.00,1.00
2026-01-07T12:00:00Z,88.99,12.00,2.00,1.00,1.00
2026-01-07T13:00:00Z,89.00,12.00,1.85,1.00,1.00
2026-01-07T14:00:00Z,88.93,10.54,1.00,1.00,1.00
2026-01-07T15:00:00Z,88.84,10.97,2.00,1.00,1.00
2026-01-07T16:00:00Z,90.08,9.56,2.00,1.00,1.00
2026-01-07T17:00:00Z,90.86,8.90,2.00,1.00,1.00
2026-01-07T18:00:00Z,90.68,8.18,2.00,1.00,1.00
2026-01-07T19:00:00Z,90.67,8.92,2.00,1.00,1.00
2026-01-07T20:00:00Z,90.24,8.32,1.05,1.00,1.00
2026-01-07T21:00:00Z,90.91,8.93,2.00,1.00,1.00
2026-01-07T22:00:00Z,91.16,8.91,2.00,1.00,1.00
2026-01-07T23:00:00Z,90.91,8.98,1.76,1.00,1.00
2026-01-08T00:00:00Z,90.80,8.97,1.69,1.00,1.00
2026-01-08T01:00:00Z,90.89,8.97,2.00,1.00,1.00
2026-01-08T02:00:00Z,90.79,8.99,1.00,1.00,1.00
2026-01-08T03:00:00Z,90.95,8.99,2.00,1.00,1.00
2026-01-08T04:00:00Z,90.98,8.74,2.00,1.00,1.00
2026-01-08T05:00:00Z,90.74,8.66,2.00,1.00,1.00
2026-01-08T06:00:00Z,90.02,8.99,2.00,1.00,1.00
2026-01-08T07:00:00Z,90.52,8.81,2.00,1.00,1.00
2026-01-08T08:00:00Z,91.00,8.98,1.98,1.00,1.00
2026-01-08T11:00:00Z,90.05,8.28,1.00,1.00,1.00
2026-01-08T12:00:00Z,91.00,8.04,1.00,1.00,1.00
2026-01-08T13:00:00Z,90.69,8.77,1.00,1.00,1.00
2026-01-08T14:00:00Z,90.97,8.44,1.01,1.00,1.00
2026-01-08T15:00:00Z,91.62,7.98,2.00,1.00,1.00
2026-01-08T16:00:00Z,92.05,7.99,2.00,1.00,1.00
2026-01-08T17:00:00Z,91.53,7.98,2.00,1.00,1.00
2026-01-08T18:00:00Z,91.77,7.36,1.99,1.00,1.00
2026-01-08T19:00:00Z,92.91,7.94,1.85,1.00,1.00
2026-01-08T20:00:00Z,92.80,6.99,2.00,1.00,1.00
2026-01-08T21:00:00Z,93.09,7.00,2.00,1.00,1.00
2026-01-08T22:00:00Z,93.50,6.76,1.00,1.00,1.00
2026-01-08T23:00:00Z,93.86,6.99,2.00,1.00,1.00
2026-01-09T00:00:00Z,92.46,7.16,1.00,1.00,1.00
2026-01-09T01:00:00Z,92.31,7.99,2.00,1.00,1.00
2026-01-09T02:00:00Z,92.85,7.88,1.31,1.00,1.00
2026-01-09T03:00:00Z,92.01,7.87,2.00,1.00,1.00
2026-01-09T04:00:00Z,91.17,7.97,1.80,1.00,1.00
2026-01-09T05:00:00Z,91.59,7.91,2.00,1.00,1.00
2026-01-09T06:00:00Z,91.32,7.94,2.00,1.00,1.00
2026-01-09T07:00:00Z,92.00,7.89,1.72,1.00,1.00
2026-01-09T08:00:00Z,91.30,7.99,1.72,1.00,1.00
2026-01-09T09:00:00Z,91.97,8.00,2.00,1.00,1.00
2026-01-09T10:00:00Z,92.18,8.00,1.97,1.00,1.00
2026-01-09T11:00:00Z,93.00,8.00,1.11,1.00,1.00
2026-01-09T12:00:00Z,92.02,8.00,2.00,1.00,1.00
2026-01-09T13:00:00Z,91.96,7.99,2.00,1.00,1.00
2026-01-09T14:00:00Z,95.65,4.22,1.00,1.00,1.00
2026-01-09T15:00:00Z,96.71,2.97,1.00,1.00,1.00
2026-01-09T16:00:00Z,96.29,3.61,1.00,1.00,1.00
2026-01-09T17:00:00Z,96.91,3.69,1.00,1.00,1.00
2026-01-09T18:00:00Z,96.44,3.77,1.00,1.00,1.00
2026-01-09T19:00:00Z,96.42,3.92,1.00,1.00,1.00
2026-01-09T20:00:00Z,96.63,3.85,1.00,1.00,1.00
2026-01-09T21:00:00Z,96.43,3.36,1.00,1.00,1.00
2026-01-09T22:00:00Z,96.93,3.73,1.00,1.00,1.00
2026-01-09T23:00:00Z,96.11,3.97,1.00,1.00,1.00
2026-01-10T00:00:00Z,96.62,3.94,1.00,1.00,1.00
2026-01-10T01:00:00Z,96.94,3.75,1.00,1.00,1.00
2026-01-10T02:00:00Z,96.86,3.99,1.00,1.00,1.00
2026-01-10T03:00:00Z,96.14,3.93,1.00,1.00,1.00
2026-01-10T04:00:00Z,96.62,3.91,1.00,1.00,1.00
2026-01-10T05:00:00Z,96.01,3.44,1.00,1.00,1.00
2026-01-10T06:00:00Z,96.08,4.00,1.00,1.00,1.00
2026-01-10T07:00:00Z,96.92,3.89,1.00,1.00,1.00
2026-01-10T08:00:00Z,97.01,3.83,1.00,1.00,1.00
2026-01-10T09:00:00Z,96.53,3.99,1.00,1.00,1.00
2026-01-10T10:00:00Z,96.52,3.99,1.00,1.00,1.00
2026-01-10T11:00:00Z,97.06,4.00,1.00,1.00,1.00
2026-01-10T12:00:00Z,96.00,4.00,1.00,1.00,1.00
2026-01-10T13:00:00Z,96.00,3.99,1.00,1.00,1.00
2026-01-10T14:00:00Z,96.04,3.97,1.00,1.00,1.00
2026-01-10T15:00:00Z,96.04,3.99,1.00,1.00,1.00
2026-01-10T16:00:00Z,96.00,4.00,1.00,1.00,1.00
2026-01-10T17:00:00Z,96.47,3.98,1.00,1.00,1.00
2026-01-10T18:00:00Z,96.06,4.00,1.00,1.00,1.00
2026-01-10T19:00:00Z,96.22,3.94,1.00,1.00,1.00
2026-01-10T20:00:00Z,96.13,3.84,1.00,1.00,1.00
2026-01-10T21:00:00Z,96.34,3.97,1.00,1.00,1.00
2026-01-10T22:00:00Z,96.35,3.99,1.00,1.00,1.00
2026-01-10T23:00:00Z,96.05,3.99,1.00,1.00,1.00
2026-01-11T00:00:00Z,96.31,4.05,1.00,1.00,1.00
2026-01-11T01:00:00Z,96.00,4.96,1.00,1.00,1.00
2026-01-11T02:00:00Z,95.98,4.92,1.00,1.00,1.00
2026-01-11T03:00:00Z,95.42,4.95,1.00,1.00,1.00
2026-01-11T04:00:00Z,95.13,4.91,1.00,1.00,1.00
2026-01-11T05:00:00Z,95.00,4.90,1.00,1.00,1.00
2026-01-11T06:00:00Z,95.68,4.83,1.00,1.00,1.00
2026-01-11T07:00:00Z,95.00,5.00,1.00,1.00,1.00
2026-01-11T08:00:00Z,95.05,5.00,1.00,1.00,1.00
2026-01-11T09:00:00Z,95.98,5.00,1.00,1.00,1.00
2026-01-11T10:00:00Z,95.84,5.00,1.00,1.00,1.00
2026-01-11T11:00:00Z,95.51,5.00,1.00,1.00,1.00
2026-01-11T12:00:00Z,95.78,4.99,1.00,1.00,1.00
2026-01-11T13:00:00Z,95.14,4.99,1.00,1.00,1.00
2026-01-11T14:00:00Z,95.54,5.00,1.00,1.00,1.00
2026-01-11T15:00:00Z,95.31,5.00,1.00,1.00,1.00
2026-01-11T16:00:00Z,95.77,4.97,1.00,1.00,1.00
2026-01-11T17:00:00Z,95.01,4.88,1.00,1.00,1.00
2026-01-11T18:00:00Z,95.57,4.98,1.00,1.00,1.00
2026-01-11T19:00:00Z,95.46,4.81,1.00,1.00,1.00
2026-01-11T20:00:00Z,95.72,4.99,1.00,1.00,1.00
2026-01-11T21:00:00Z,95.48,4.91,1.00,1.00,1.00
2026-01-11T22:00:00Z,95.01,4.92,1.00,1.00,1.00
2026-01-11T23:00:00Z,95.33,4.87,1.00,1.00,1.00
2026-01-12T00:00:00Z,95.06,4.98,1.00,1.00,1.00
2026-01-12T01:00:00Z,95.20,4.95,1.00,1.00,1.00
2026-01-12T02:00:00Z,95.83,4.98,1.00,1.00,1.00
2026-01-12T03:00:00Z,95.05,4.99,1.00,1.00,1.00
2026-01-12T04:00:00Z,94.99,5.13,1.00,1.00,1.00
2026-01-12T05:00:00Z,94.69,5.95,1.00,1.00,1.00
2026-01-12T06:00:00Z,94.90,5.87,1.00,1.00,1.00
2026-01-12T07:00:00Z,94.98,5.84,1.00,1.00,1.00
2026-01-12T08:00:00Z,94.81,5.97,1.00,1.00,1.00
2026-01-12T09:00:00Z,94.50,5.86,1.00,1.00,1.00
2026-01-12T10:00:00Z,94.41,6.00,1.00,1.00,1.00
2026-01-12T11:00:00Z,94.50,6.00,1.00,1.00,1.00
2026-01-12T12:00:00Z,94.96,5.92,1.00,1.00,1.00
2026-01-12T13:00:00Z,94.45,5.92,1.00,1.00,1.00
2026-01-12T14:00:00Z,94.01,6.48,1.00,1.00,1.00
2026-01-12T15:00:00Z,94.77,6.80,1.00,1.00,1.00
2026-01-12T16:00:00Z,94.24,6.93,1.00,1.00,1.00
2026-01-12T17:00:00Z,94.02,6.11,1.00,1.00,1.00
2026-01-12T18:00:00Z,94.00,6.95,1.00,1.00,1.00
2026-01-12T19:00:00Z,94.19,6.68,1.00,1.00,1.00
2026-01-12T20:00:00Z,93.79,6.96,1.00,1.00,1.00
2026-01-12T21:00:00Z,93.30,6.97,1.00,1.00,1.00
2026-01-12T22:00:00Z,94.19,6.76,1.00,1.00,1.00
2026-01-12T23:00:00Z,94.25,6.41,1.00,1.00,1.00
2026-01-13T00:00:00Z,93.81,6.98,1.00,1.00,1.00
2026-01-13T01:00:00Z,93.95,6.91,1.00,1.00,1.00
2026-01-13T02:00:00Z,93.75,6.66,1.00,1.00,1.00
2026-01-13T03:00:00Z,94.11,6.03,1.00,1.00,1.00
2026-01-13T04:00:00Z,94.30,5.96,1.00,1.00,1.00
2026-01-13T05:00:00Z,94.01,5.99,1.00,1.00,1.00
2026-01-13T06:00:00Z,94.03,5.98,1.00,1.00,1.00
2026-01-13T07:00:00Z,94.21,5.99,1.00,1.00,1.00
2026-01-13T08:00:00Z,94.01,6.03,1.00,1.00,1.00
2026-01-13T09:00:00Z,94.44,6.56,1.00,1.00,1.00
2026-01-13T10:00:00Z,94.87,6.44,1.00,1.00,1.00
2026-01-13T11:00:00Z,94.19,6.00,1.00,1.00,1.00
2026-01-13T12:00:00Z,94.04,5.73,1.00,1.00,1.00
2026-01-13T13:00:00Z,94.13,6.59,1.00,1.00,1.00
2026-01-13T14:00:00Z,93.63,5.96,1.00,1.00,1.00
2026-01-13T15:00:00Z,94.99,4.45,1.00,1.00,1.00
2026-01-13T16:00:00Z,95.44,4.75,1.00,1.00,1.00
2026-01-13T17:00:00Z,95.15,4.79,1.00,1.00,1.00
2026-01-13T18:00:00Z,95.82,4.89,1.00,1.00,1.00
2026-01-13T19:00:00Z,95.91,4.28,1.00,1.00,1.00
2026-01-13T20:00:00Z,96.10,3.99,1.00,1.00,1.00
2026-01-13T21:00:00Z,96.02,3.97,1.00,1.00,1.00
2026-01-13T22:00:00Z,95.56,4.53,1.00,1.00,1.00
2026-01-13T23:00:00Z,95.64,4.91,1.00,1.00,1.00
2026-01-14T00:00:00Z,95.88,4.94,1.00,1.00,1.00
2026-01-14T01:00:00Z,95.63,4.97,1.00,1.00,1.00
2026-01-14T02:00:00Z,95.91,4.97,1.00,1.00,1.00
2026-01-14T03:00:00Z,95.85,4.99,1.00,1.00,1.00
2026-01-14T04:00:00Z,95.06,4.84,1.00,1.00,1.00
2026-01-14T05:00:00Z,95.11,4.87,1.00,1.00,1.00
2026-01-14T06:00:00Z,95.07,5.00,1.00,1.00,1.00
2026-01-14T07:00:00Z,95.04,4.98,1.00,1.00,1.00
2026-01-14T08:00:00Z,95.00,4.96,1.00,1.00,1.00
2026-01-14T09:00:00Z,95.03,5.00,1.00,1.00,1.00
2026-01-14T10:00:00Z,95.43,4.99,1.00,1.00,1.00
2026-01-14T11:00:00Z,95.69,4.98,1.00,1.00,1.00
2026-01-14T12:00:00Z,95.01,5.00,1.00,1.00,1.00
2026-01-14T13:00:00Z,94.54,5.02,1.00,1.00,1.00
2026-01-14T14:00:00Z,95.43,5.03,1.00,1.00,1.00
2026-01-14T15:00:00Z,95.11,4.66,1.00,1.00,1.00
2026-01-14T16:00:00Z,95.88,5.61,1.00,1.00,1.00
2026-01-14T17:00:00Z,95.03,5.06,1.00,1.00,1.00
2026-01-14T18:00:00Z,95.00,4.99,1.00,1.00,1.00
2026-01-14T19:00:00Z,95.12,5.84,1.00,1.00,1.00
2026-01-14T20:00:00Z,95.09,5.59,1.00,1.00,1.00
2026-01-14T21:00:00Z,95.95,5.18,1.00,1.00,1.00
2026-01-14T22:00:00Z,95.10,5.91,1.00,1.00,1.00
2026-01-14T23:00:00Z,95.01,5.55,1.00,1.00,1.00
2026-01-15T00:00:00Z,95.07,5.09,1.00,1.00,1.00
2026-01-15T01:00:00Z,94.99,5.62,1.00,1.00,1.00
2026-01-15T02:00:00Z,94.01,5.98,1.00,1.00,1.00
2026-01-15T03:00:00Z,94.01,5.11,1.00,1.00,1.00
2026-01-15T04:00:00Z,94.94,4.97,1.00,1.00,1.00
2026-01-15T05:00:00Z,94.26,5.30,1.00,1.00,1.00
2026-01-15T06:00:00Z,94.16,6.00,1.00,1.00,1.00
2026-01-15T07:00:00Z,94.90,5.28,1.00,1.00,1.00
2026-01-15T08:00:00Z,94.00,5.99,1.00,1.00,1.00
2026-01-15T11:00:00Z,94.88,5.75,1.00,1.00,1.00
2026-01-15T12:00:00Z,94.55,5.99,1.00,1.00,1.00
2026-01-15T13:00:00Z,94.57,5.99,1.00,1.00,1.00
2026-01-15T14:00:00Z,94.10,5.95,1.00,1.00,1.00
2026-01-15T15:00:00Z,94.12,5.98,1.00,1.00,1.00
2026-01-15T16:00:00Z,94.90,5.96,1.00,1.00,1.00
2026-01-15T17:00:00Z,94.62,5.67,1.00,1.00,1.00
2026-01-15T18:00:00Z,94.87,5.95,1.00,1.00,1.00
2026-01-15T19:00:00Z,94.24,5.79,1.00,1.00,1.00
2026-01-15T20:00:00Z,94.35,5.55,1.00,1.00,1.00
2026-01-15T21:00:00Z,94.13,5.53,1.00,1.00,1.00
2026-01-15T22:00:00Z,94.96,5.38,1.00,1.00,1.00
2026-01-15T23:00:00Z,94.95,5.31,1.00,1.00,1.00
2026-01-16T00:00:00Z,94.79,5.74,1.00,1.00,1.00
2026-01-16T01:00:00Z,94.79,5.97,1.00,1.00,1.00
2026-01-16T02:00:00Z,94.01,5.96,1.00,1.00,1.00
2026-01-16T03:00:00Z,94.91,5.97,1.00,1.00,1.00
2026-01-16T04:00:00Z,94.03,5.99,1.00,1.00,1.00
2026-01-16T05:00:00Z,94.94,5.87,1.00,1.00,1.00
2026-01-16T06:00:00Z,94.21,5.82,1.00,1.00,1.00
2026-01-16T07:00:00Z,94.99,5.90,1.00,1.00,1.00
2026-01-16T08:00:00Z,94.99,5.69,1.00,1.00,1.00
2026-01-16T09:00:00Z,95.00,5.06,1.00,1.00,1.00
2026-01-16T10:00:00Z,94.98,5.15,1.00,1.00,1.00
2026-01-16T11:00:00Z,94.93,5.98,1.00,1.00,1.00
2026-01-16T12:00:00Z,94.49,5.63,1.00,1.00,1.00
2026-01-16T13:00:00Z,94.28,5.19,1.00,1.00,1.00
2026-01-16T14:00:00Z,94.74,5.88,1.00,1.00,1.00
2026-01-16T15:00:00Z,94.38,5.51,1.00,1.00,1.00
2026-01-16T16:00:00Z,94.25,5.58,1.00,1.00,1.00
2026-01-16T17:00:00Z,94.39,5.68,1.00,1.00,1.00
2026-01-16T18:00:00Z,94.26,5.67,1.00,1.00,1.00
2026-01-16T19:00:00Z,94.81,5.95,1.00,1.00,1.00
2026-01-16T20:00:00Z,94.58,5.53,1.00,1.00,1.00
2026-01-16T21:00:00Z,94.84,5.60,1.00,1.00,1.00
2026-01-16T22:00:00Z,94.17,5.57,1.00,1.00,1.00
2026-01-16T23:00:00Z,94.56,5.84,1.00,1.00,1.00
2026-01-17T00:00:00Z,94.80,5.93,1.00,1.00,1.00
2026-01-17T01:00:00Z,94.69,5.99,1.00,1.00,1.00
2026-01-17T02:00:00Z,94.01,5.82,1.00,1.00,1.00
2026-01-17T03:00:00Z,94.12,5.90,1.00,1.00,1.00
2026-01-17T04:00:00Z,94.99,5.53,1.00,1.00,1.00
2026-01-17T05:00:00Z,94.43,5.47,1.00,1.00,1.00
2026-01-17T06:00:00Z,94.00,5.98,1.00,1.00,1.00
2026-01-17T07:00:00Z,94.77,5.41,1.00,1.00,1.00
2026-01-17T08:00:00Z,94.37,5.96,1.00,1.00,1.00
2026-01-17T09:00:00Z,94.50,5.31,1.00,1.00,1.00
2026-01-17T10:00:00Z,95.00,5.64,1.00,1.00,1.00
2026-01-17T11:00:00Z,94.99,6.00,1.00,1.00,1.00
2026-01-17T12:00:00Z,94.10,6.00,1.00,1.00,1.00
2026-01-17T13:00:00Z,94.12,5.83,1.00,1.00,1.00
2026-01-17T14:00:00Z,95.00,5.97,1.00,1.00,1.00
2026-01-17T15:00:00Z,94.99,6.00,1.00,1.00,1.00
2026-01-17T16:00:00Z,94.99,4.83,1.00,1.00,1.00
2026-01-17T17:00:00Z,94.99,4.73,1.00,1.00,1.00
2026-01-17T18:00:00Z,94.70,4.95,1.00,1.00,1.00
2026-01-17T19:00:00Z,94.98,4.99,1.00,1.00,1.00
2026-01-17T20:00:00Z,94.97,4.96,1.00,1.00,1.00
2026-01-17T21:00:00Z,94.37,4.99,1.00,1.00,1.00
2026-01-17T22:00:00Z,94.03,4.95,1.00,1.00,1.00
2026-01-17T23:00:00Z,94.89,4.99,1.00,1.00,1.00
2026-01-18T00:00:00Z,94.04,5.00,1.00,1.00,1.00
2026-01-18T01:00:00Z,94.84,4.98,1.00,1.00,1.00
2026-01-18T02:00:00Z,94.85,4.93,1.00,1.00,1.00
2026-01-18T03:00:00Z,94.99,4.87,1.00,1.00,1.00
2026-01-18T04:00:00Z,94.97,4.98,1.00,1.00,1.00
2026-01-18T05:00:00Z,94.65,4.12,1.00,1.00,1.00
2026-01-18T06:00:00Z,94.99,4.53,1.00,1.00,1.00
2026-01-18T07:00:00Z,95.05,4.99,1.00,1.00,1.00
2026-01-18T08:00:00Z,95.00,4.98,1.00,1.00,1.00
2026-01-18T09:00:00Z,95.00,4.00,1.00,1.00,1.00
2026-01-18T10:00:00Z,96.00,3.88,1.00,1.00,1.00
2026-01-18T11:00:00Z,95.00,3.96,1.00,1.00,1.00
2026-01-18T12:00:00Z,95.01,4.91,1.00,1.00,1.00
2026-01-18T13:00:00Z,96.00,4.46,1.00,1.00,1.00
2026-01-18T14:00:00Z,96.00,5.00,1.00,1.00,1.00
2026-01-18T15:00:00Z,95.97,5.00,1.00,1.00,1.00
2026-01-18T16:00:00Z,95.63,4.66,1.00,1.00,1.00
2026-01-18T17:00:00Z,95.18,4.90,1.00,1.00,1.00
2026-01-18T18:00:00Z,95.76,4.88,1.00,1.00,1.00
2026-01-18T19:00:00Z,95.01,4.76,1.00,1.00,1.00
2026-01-18T20:00:00Z,95.01,4.95,1.00,1.00,1.00
2026-01-18T21:00:00Z,95.99,4.77,1.00,1.00,1.00
2026-01-18T22:00:00Z,95.05,4.19,1.00,1.00,1.00
2026-01-18T23:00:00Z,95.45,4.82,1.00,1.00,1.00
2026-01-19T00:00:00Z,95.99,4.93,1.00,1.00,1.00
2026-01-19T01:00:00Z,95.09,4.84,1.00,1.00,1.00
2026-01-19T02:00:00Z,95.07,4.81,1.00,1.00,1.00
2026-01-19T03:00:00Z,95.51,4.93,1.00,1.00,1.00
2026-01-19T04:00:00Z,95.82,4.58,1.00,1.00,1.00
2026-01-19T05:00:00Z,95.53,5.00,1.00,1.00,1.00
2026-01-19T06:00:00Z,95.97,5.00,1.00,1.00,1.00
2026-01-19T07:00:00Z,95.00,4.74,1.00,1.00,1.00
2026-01-19T08:00:00Z,95.00,4.90,1.00,1.00,1.00
2026-01-19T09:00:00Z,95.00,4.99,1.00,1.00,1.00
2026-01-19T10:00:00Z,96.00,4.99,1.00,1.00,1.00
2026-01-19T11:00:00Z,95.07,4.04,1.00,1.00,1.00
2026-01-19T12:00:00Z,95.24,4.07,1.00,1.00,1.00
2026-01-19T13:00:00Z,95.65,4.92,1.00,1.00,1.00
2026-01-19T14:00:00Z,95.01,5.00,1.00,1.00,1.00
2026-01-19T15:00:00Z,95.93,4.87,1.00,1.00,1.00
2026-01-19T16:00:00Z,95.83,4.38,1.00,1.00,1.00
2026-01-19T17:00:00Z,95.92,4.85,1.00,1.00,1.00
2026-01-19T18:00:00Z,95.13,4.32,1.00,1.00,1.00
2026-01-19T19:00:00Z,95.09,4.93,1.00,1.00,1.00
2026-01-19T20:00:00Z,95.72,4.88,1.00,1.00,1.00
2026-01-19T21:00:00Z,95.78,4.58,1.00,1.00,1.00
2026-01-19T22:00:00Z,95.15,3.97,1.00,1.00,1.00
2026-01-19T23:00:00Z,95.98,3.84,1.00,1.00,1.00
2026-01-20T00:00:00Z,96.00,3.92,1.00,1.00,1.00
2026-01-20T01:00:00Z,96.99,3.99,1.00,1.00,1.00
2026-01-20T02:00:00Z,96.55,3.22,1.00,1.00,1.00
2026-01-20T03:00:00Z,96.95,3.98,1.00,1.00,1.00
2026-01-20T04:00:00Z,96.00,3.99,1.00,1.00,1.00
2026-01-20T05:00:00Z,96.65,3.97,1.00,1.00,1.00
2026-01-20T06:00:00Z,96.57,3.99,1.00,1.00,1.00
2026-01-20T07:00:00Z,96.01,3.99,1.00,1.00,1.00
2026-01-20T08:00:00Z,96.64,3.90,1.00,1.00,1.00
2026-01-20T09:00:00Z,96.07,3.88,1.00,1.00,1.00
2026-01-20T10:00:00Z,96.11,3.04,1.00,1.00,1.00
2026-01-20T11:00:00Z,96.59,3.99,1.00,1.00,1.00
2026-01-20T12:00:00Z,96.64,3.14,1.00,1.00,1.00
2026-01-20T13:00:00Z,96.48,3.88,1.00,1.00,1.00
2026-01-20T14:00:00Z,96.00,3.22,1.00,1.00,1.00
2026-01-20T15:00:00Z,96.09,3.16,1.00,1.00,1.00
2026-01-20T16:00:00Z,96.88,3.88,1.00,1.00,1.00
2026-01-20T17:00:00Z,96.88,3.89,1.00,1.00,1.00
2026-01-20T18:00:00Z,96.61,3.64,1.00,1.00,1.00
2026-01-20T19:00:00Z,96.40,3.71,1.00,1.00,1.00
2026-01-20T20:00:00Z,96.83,3.72,1.00,1.00,1.00
2026-01-20T21:00:00Z,96.00,3.23,1.00,1.00,1.00
2026-01-20T22:00:00Z,96.86,3.52,1.00,1.00,1.00
2026-01-20T23:00:00Z,96.03,4.00,1.00,1.00,1.00
2026-01-21T00:00:00Z,96.75,3.91,1.00,1.00,1.00
2026-01-21T01:00:00Z,96.00,3.94,1.00,1.00,1.00
2026-01-21T02:00:00Z,96.81,3.87,1.00,1.00,1.00
2026-01-21T03:00:00Z,96.00,3.08,1.00,1.00,1.00
2026-01-21T04:00:00Z,96.94,3.99,1.00,1.00,1.00
2026-01-21T05:00:00Z,96.45,3.71,1.00,1.00,1.00
2026-01-21T06:00:00Z,96.52,3.99,1.00,1.00,1.00
2026-01-21T07:00:00Z,96.09,3.24,1.00,1.00,1.00
2026-01-21T08:00:00Z,96.31,3.85,1.00,1.00,1.00
2026-01-21T09:00:00Z,96.11,3.19,1.00,1.00,1.00
2026-01-21T10:00:00Z,97.00,3.11,1.00,1.00,1.00
2026-01-21T11:00:00Z,96.92,3.01,1.00,1.00,1.00
2026-01-21T12:00:00Z,96.12,3.07,1.00,1.00,1.00
2026-01-21T13:00:00Z,96.07,3.05,1.00,1.00,1.00
2026-01-21T14:00:00Z,96.91,3.02,1.00,1.00,1.00
2026-01-21T15:00:00Z,96.99,2.99,1.00,1.00,1.00
2026-01-21T16:00:00Z,97.02,2.96,1.00,1.00,1.00
2026-01-21T17:00:00Z,97.08,2.99,1.00,1.00,1.00
2026-01-21T18:00:00Z,97.13,2.99,1.00,1.00,1.00
2026-01-21T19:00:00Z,97.17,2.98,1.00,1.00,1.00
2026-01-21T20:00:00Z,97.04,2.98,1.00,1.00,1.00
2026-01-21T21:00:00Z,97.81,2.51,1.00,1.00,1.00
2026-01-21T22:00:00Z,97.71,2.98,1.00,1.00,1.00
2026-01-21T23:00:00Z,97.00,2.99,1.00,1.00,1.00
2026-01-22T00:00:00Z,97.02,2.97,1.00,1.00,1.00
2026-01-22T01:00:00Z,97.43,2.70,1.00,1.00,1.00
2026-01-22T02:00:00Z,97.08,3.00,1.00,1.00,1.00
2026-01-22T03:00:00Z,97.00,2.95,1.00,1.00,1.00
2026-01-22T04:00:00Z,97.00,2.98,1.00,1.00,1.00
2026-01-22T05:00:00Z,97.00,2.99,1.00,1.00,1.00
2026-01-22T06:00:00Z,97.32,2.92,1.00,1.00,1.00
2026-01-22T07:00:00Z,97.00,2.99,1.00,1.00,1.00
2026-01-22T08:00:00Z,97.26,3.00,1.00,1.00,1.00
2026-01-22T11:00:00Z,97.02,2.86,1.00,1.00,1.00
2026-01-22T12:00:00Z,97.48,3.00,1.00,1.00,1.00
2026-01-22T13:00:00Z,97.02,2.99,1.00,1.00,1.00
2026-01-22T14:00:00Z,97.48,2.99,1.00,1.00,1.00
2026-01-22T15:00:00Z,97.00,2.88,1.00,1.00,1.00
2026-01-22T16:00:00Z,97.97,2.24,1.00,1.00,1.00
2026-01-22T17:00:00Z,97.77,2.98,1.00,1.00,1.00
2026-01-22T18:00:00Z,97.06,2.90,1.00,1.00,1.00
2026-01-22T19:00:00Z,97.13,2.84,1.00,1.00,1.00
2026-01-22T20:00:00Z,97.02,2.78,1.00,1.00,1.00
2026-01-22T21:00:00Z,97.90,3.00,1.00,1.00,1.00
2026-01-22T22:00:00Z,97.06,2.98,1.00,1.00,1.00
2026-01-22T23:00:00Z,97.00,2.99,1.00,1.00,1.00
2026-01-23T00:00:00Z,97.00,2.92,1.00,1.00,1.00
2026-01-23T01:00:00Z,97.00,2.99,1.00,1.00,1.00
2026-01-23T02:00:00Z,97.00,2.97,1.00,1.00,1.00
2026-01-23T03:00:00Z,97.00,2.25,1.00,1.00,1.00
2026-01-23T04:00:00Z,97.97,2.93,1.00,1.00,1.00
2026-01-23T05:00:00Z,97.00,2.99,1.00,1.00,1.00
2026-01-23T06:00:00Z,97.04,3.00,1.00,1.00,1.00
2026-01-23T07:00:00Z,97.02,2.66,1.00,1.00,1.00
2026-01-23T08:00:00Z,97.08,2.06,1.00,1.00,1.00
2026-01-23T09:00:00Z,97.00,3.00,1.00,1.00,1.00
2026-01-23T10:00:00Z,98.00,2.30,1.00,1.00,1.00
2026-01-23T11:00:00Z,97.00,3.00,1.00,1.00,1.00
2026-01-23T12:00:00Z,97.16,2.12,1.00,1.00,1.00
2026-01-23T13:00:00Z,97.03,3.00,1.00,1.00,1.00
2026-01-23T14:00:00Z,97.00,2.78,1.00,1.00,1.00
2026-01-23T15:00:00Z,97.91,2.43,1.00,1.00,1.00
2026-01-23T16:00:00Z,97.37,2.99,1.00,1.00,1.00
2026-01-23T17:00:00Z,97.22,2.98,1.00,1.00,1.00
2026-01-23T18:00:00Z,97.16,2.99,1.00,1.00,1.00
2026-01-23T19:00:00Z,97.02,2.25,1.00,1.00,1.00
2026-01-23T20:00:00Z,97.00,2.91,1.00,1.00,1.00
2026-01-23T21:00:00Z,97.09,2.94,1.00,1.00,1.00
2026-01-23T22:00:00Z,97.58,2.65,1.00,1.00,1.00
2026-01-23T23:00:00Z,97.07,2.25,1.00,1.00,1.00
2026-01-24T00:00:00Z,97.00,2.17,1.00,1.00,1.00
2026-01-24T01:00:00Z,97.05,2.78,1.00,1.00,1.00
2026-01-24T02:00:00Z,97.34,2.97,1.00,1.00,1.00
2026-01-24T03:00:00Z,97.45,2.02,1.00,1.00,1.00
2026-01-24T04:00:00Z,97.99,1.97,1.00,1.00,1.00
2026-01-24T05:00:00Z,97.88,1.99,1.00,1.00,1.00
2026-01-24T06:00:00Z,97.04,1.98,1.00,1.00,1.00
2026-01-24T07:00:00Z,97.18,1.95,1.00,1.00,1.00
2026-01-24T08:00:00Z,97.96,1.91,1.00,1.00,1.00
2026-01-24T09:00:00Z,97.79,1.24,1.00,1.00,1.00
2026-01-24T10:00:00Z,97.99,1.99,1.00,1.00,1.00
2026-01-24T11:00:00Z,97.33,2.00,1.00,1.00,1.00
2026-01-24T12:00:00Z,97.00,1.83,1.00,1.00,1.00
2026-01-24T13:00:00Z,97.00,1.56,1.00,1.00,1.00
2026-01-24T14:00:00Z,97.99,1.10,1.00,1.00,1.00
2026-01-24T15:00:00Z,97.99,1.07,1.00,1.00,1.00
2026-01-24T16:00:00Z,97.16,1.99,1.00,1.00,1.00
2026-01-24T17:00:00Z,97.88,1.99,1.00,1.00,1.00
2026-01-24T18:00:00Z,97.99,1.55,1.00,1.00,1.00
2026-01-24T19:00:00Z,97.50,2.00,1.00,1.00,1.00
2026-01-24T20:00:00Z,97.99,1.74,1.00,1.00,1.00
2026-01-24T21:00:00Z,97.31,1.88,1.00,1.00,1.00
2026-01-24T22:00:00Z,97.92,2.00,1.00,1.00,1.00
2026-01-24T23:00:00Z,98.02,1.09,1.00,1.00,1.00
2026-01-25T00:00:00Z,98.99,1.29,1.00,1.00,1.00
2026-01-25T01:00:00Z,98.12,1.52,1.00,1.00,1.00
2026-01-25T02:00:00Z,98.01,1.25,1.00,1.00,1.00
2026-01-25T03:00:00Z,98.00,1.25,1.00,1.00,1.00
2026-01-25T04:00:00Z,98.77,1.90,1.00,1.00,1.00
2026-01-25T05:00:00Z,98.24,1.89,1.00,1.00,1.00
2026-01-25T06:00:00Z,98.11,2.00,1.00,1.00,1.00
2026-01-25T07:00:00Z,98.00,1.97,1.00,1.00,1.00
2026-01-25T08:00:00Z,98.04,2.00,1.00,1.00,1.00
2026-01-25T09:00:00Z,98.04,2.00,1.00,1.00,1.00
2026-01-25T10:00:00Z,98.04,2.00,1.00,1.00,1.00
2026-01-25T11:00:00Z,98.00,1.86,1.00,1.00,1.00
2026-01-25T12:00:00Z,98.16,2.00,1.00,1.00,1.00
2026-01-25T13:00:00Z,98.00,1.99,1.00,1.00,1.00
2026-01-25T14:00:00Z,98.18,2.00,1.00,1.00,1.00
2026-01-25T15:00:00Z,98.00,2.00,1.00,1.00,1.00
2026-01-25T16:00:00Z,98.01,1.99,1.00,1.00,1.00
2026-01-25T17:00:00Z,98.19,1.76,1.00,1.00,1.00
2026-01-25T18:00:00Z,98.01,1.06,1.00,1.00,1.00
2026-01-25T19:00:00Z,98.68,1.98,1.00,1.00,1.00
2026-01-25T20:00:00Z,98.00,1.99,1.00,1.00,1.00
2026-01-25T21:00:00Z,98.04,2.00,1.00,1.00,1.00
2026-01-25T22:00:00Z,98.25,1.38,1.00,1.00,1.00
2026-01-25T23:00:00Z,98.00,1.99,1.00,1.00,1.00
2026-01-26T00:00:00Z,98.03,1.79,1.00,1.00,1.00
2026-01-26T01:00:00Z,98.02,1.99,1.00,1.00,1.00
2026-01-26T02:00:00Z,98.08,1.87,1.00,1.00,1.00
2026-01-26T03:00:00Z,98.03,1.99,1.00,1.00,1.00
2026-01-26T04:00:00Z,98.86,1.13,1.00,1.00,1.00
2026-01-26T05:00:00Z,98.68,2.00,1.00,1.00,1.00
2026-01-26T06:00:00Z,98.00,2.00,1.00,1.00,1.00
2026-01-26T07:00:00Z,98.09,1.95,1.00,1.00,1.00
2026-01-26T08:00:00Z,98.02,2.00,1.00,1.00,1.00
2026-01-26T09:00:00Z,98.48,2.00,1.00,1.00,1.00
2026-01-26T10:00:00Z,98.03,2.00,1.00,1.00,1.00
2026-01-26T11:00:00Z,98.28,2.00,1.00,1.00,1.00
2026-01-26T12:00:00Z,98.25,1.99,1.00,1.00,1.00
2026-01-26T13:00:00Z,98.04,2.00,1.00,1.00,1.00
2026-01-26T14:00:00Z,98.07,1.98,1.00,1.00,1.00
2026-01-26T15:00:00Z,98.00,1.98,1.00,1.00,1.00
2026-01-26T16:00:00Z,98.05,1.57,1.00,1.00,1.00
2026-01-26T17:00:00Z,98.16,1.48,1.00,1.00,1.00
2026-01-26T18:00:00Z,98.06,1.72,1.00,1.00,1.00
2026-01-26T19:00:00Z,98.00,1.26,1.00,1.00,1.00
2026-01-26T20:00:00Z,98.00,1.85,1.00,1.00,1.00
2026-01-26T21:00:00Z,98.01,1.89,1.00,1.00,1.00
2026-01-26T22:00:00Z,98.06,1.20,1.00,1.00,1.00
2026-01-26T23:00:00Z,98.02,1.89,1.00,1.00,1.00
2026-01-27T00:00:00Z,98.06,1.21,1.00,1.00,1.00
2026-01-27T01:00:00Z,98.02,1.99,1.00,1.00,1.00
2026-01-27T02:00:00Z,98.10,1.97,1.00,1.00,1.00
2026-01-27T03:00:00Z,98.15,1.98,1.00,1.00,1.00
2026-01-27T04:00:00Z,98.18,1.69,1.00,1.00,1.00
2026-01-27T05:00:00Z,98.02,1.97,1.00,1.00,1.00
2026-01-27T06:00:00Z,98.00,1.97,1.00,1.00,1.00
2026-01-27T07:00:00Z,98.28,1.99,1.00,1.00,1.00
2026-01-27T08:00:00Z,98.53,1.99,1.00,1.00,1.00
2026-01-27T09:00:00Z,98.35,2.00,1.00,1.00,1.00
2026-01-27T10:00:00Z,98.24,1.99,1.00,1.00,1.00
2026-01-27T11:00:00Z,98.14,2.00,1.00,1.00,1.00
2026-01-27T12:00:00Z,98.39,2.00,1.00,1.00,1.00
2026-01-27T13:00:00Z,98.42,2.00,1.00,1.00,1.00
2026-01-27T14:00:00Z,98.42,1.93,1.00,1.00,1.00
2026-01-27T15:00:00Z,98.48,1.63,1.00,1.00,1.00
2026-01-27T16:00:00Z,98.72,1.21,1.00,1.00,1.00
2026-01-27T17:00:00Z,98.07,1.28,1.00,1.00,1.00
2026-01-27T18:00:00Z,98.05,1.18,1.00,1.00,1.00
2026-01-27T19:00:00Z,98.94,1.09,1.00,1.00,1.00
2026-01-27T20:00:00Z,98.44,1.00,1.00,1.00,1.00
2026-01-27T21:00:00Z,98.71,1.00,1.00,1.00,1.00
2026-01-27T22:00:00Z,98.28,1.00,1.00,1.00,1.00
2026-01-27T23:00:00Z,98.86,1.00,1.00,1.00,1.00
2026-01-28T00:00:00Z,98.10,1.12,1.00,1.00,1.00
2026-01-28T01:00:00Z,98.66,1.97,1.00,1.00,1.00
2026-01-28T02:00:00Z,98.75,1.80,1.00,1.00,1.00
2026-01-28T03:00:00Z,98.74,1.65,1.00,1.00,1.00
2026-01-28T04:00:00Z,98.08,1.34,1.00,1.00,1.00
2026-01-28T05:00:00Z,98.99,1.07,1.00,1.00,1.00
2026-01-28T06:00:00Z,99.00,1.00,1.00,1.00,1.00
2026-01-28T07:00:00Z,99.00,1.00,1.00,1.00,1.00
2026-01-28T08:00:00Z,99.00,1.00,1.00,1.00,1.00
2026-01-28T09:00:00Z,99.00,1.00,1.00,1.00,1.00
2026-01-28T10:00:00Z,99.00,1.00,1.00,1.00,1.00
2026-01-28T11:00:00Z,99.00,1.00,1.00,1.00,1.00
2026-01-28T12:00:00Z,99.00,1.00,1.00,1.00,1.00
2026-01-28T13:00:00Z,99.00,1.00,1.00,1.00,1.00
2026-01-28T14:00:00Z,99.00,1.00,1.00,1.00,1.00
2026-01-28T15:00:00Z,99.00,1.00,1.00,1.00,1.00
2026-01-28T16:00:00Z,99.00,1.00,1.00,1.00,1.00
2026-01-28T17:00:00Z,99.00,1.00,1.00,1.00,1.00
2026-01-28T18:00:00Z,99.00,1.00,1.00,1.00,1.00
2026-01-28T19:00:00Z,99.00,1.00,1.00,1.00,1.00